country_code,tech_id,year,generation_twh,capacity_gw,emissions_mtco2,lcoe_usd_per_mwh
USA,1,2005,3.28,1.78,0.148,350.0
USA,2,2005,43.05,15.36,0.474,120.0
USA,3,2005,0.0,0.0,0.0,180.0
USA,4,2005,492.0,117.01,11.808,55.0
USA,5,2005,820.0,105.18,9.84,90.0
USA,6,2005,1370.835,300.94,671.709,65.0
USA,7,2005,1370.835,269.81,1124.085,70.0
USA,1,2006,4.488,2.44,0.202,308.0
USA,2,2006,51.104,18.23,0.562,112.8
USA,3,2006,0.0,0.0,0.0,167.4
USA,4,2006,494.952,117.71,11.879,58.22
USA,5,2006,812.546,104.22,9.751,91.8
USA,6,2006,1463.601,321.3,717.164,68.22
USA,7,2006,1297.91,255.45,1064.286,73.22
USA,1,2007,6.14,3.34,0.276,271.04
USA,2,2007,60.664,21.64,0.667,106.03
USA,3,2007,0.0,0.0,0.0,155.68
USA,4,2007,497.922,118.42,11.95,59.93
USA,5,2007,804.973,103.25,9.66,93.6
USA,6,2007,1556.603,341.72,762.735,69.93
USA,7,2007,1223.045,240.72,1002.897,74.93
USA,1,2008,8.4,4.57,0.378,238.52
USA,2,2008,72.013,25.69,0.792,99.67
USA,3,2008,0.0,0.0,0.0,144.78
USA,4,2008,500.909,119.13,12.022,59.32
USA,5,2008,797.281,102.26,9.567,95.4
USA,6,2008,1649.428,362.1,808.22,69.32
USA,7,2008,1146.213,225.6,939.895,74.32
USA,1,2009,11.493,6.25,0.517,209.89
USA,2,2009,85.486,30.5,0.94,93.69
USA,3,2009,0.0,0.0,0.0,134.65
USA,4,2009,503.915,119.84,12.094,56.67
USA,5,2009,789.466,101.26,9.474,97.2
USA,6,2009,1741.536,382.32,853.353,66.67
USA,7,2009,1067.393,210.08,875.262,71.67
USA,1,2010,15.724,8.55,0.708,184.71
USA,2,2010,101.478,36.2,1.116,88.07
USA,3,2010,0.0,0.0,0.0,125.22
USA,4,2010,506.938,120.56,12.167,53.25
USA,5,2010,781.53,100.24,9.378,99.0
USA,6,2010,1832.23,402.23,897.793,63.25
USA,7,2010,986.585,194.18,809.0,68.25
USA,1,2011,21.513,11.69,0.968,162.54
USA,2,2011,120.463,42.97,1.325,82.78
USA,3,2011,0.0,0.0,0.0,116.46
USA,4,2011,509.98,121.29,12.24,50.64
USA,5,2011,773.469,99.21,9.282,100.8
USA,6,2011,1920.597,421.63,941.093,60.64
USA,7,2011,903.81,177.89,741.124,65.64
USA,1,2012,29.433,16.0,1.324,143.04
USA,2,2012,142.999,51.01,1.573,77.82
USA,3,2012,0.0,0.0,0.0,108.31
USA,4,2012,513.04,122.01,12.313,50.09
USA,5,2012,765.284,98.16,9.183,102.6
USA,6,2012,2005.448,440.25,982.67,60.09
USA,7,2012,819.127,161.22,671.684,65.09
USA,1,2013,40.269,21.89,1.812,125.87
USA,2,2013,169.751,60.56,1.867,73.15
USA,3,2013,0.0,0.0,0.0,100.72
USA,4,2013,516.118,122.74,12.387,51.84
USA,5,2013,756.973,97.09,9.084,104.4
USA,6,2013,2085.225,457.77,1021.76,61.84
USA,7,2013,732.647,144.2,600.771,66.84
USA,1,2014,55.094,29.95,2.479,110.77
USA,2,2014,201.508,71.88,2.217,68.76
USA,3,2014,0.0,0.0,0.0,93.67
USA,4,2014,519.215,123.48,12.461,55.08
USA,5,2014,748.534,96.01,8.982,106.2
USA,6,2014,2157.877,473.72,1057.36,65.08
USA,7,2014,644.561,126.86,528.54,70.08
USA,1,2015,75.378,40.98,3.392,97.48
USA,2,2015,239.207,85.33,2.631,64.63
USA,3,2015,0.0,0.0,0.0,87.12
USA,4,2015,522.33,124.22,12.536,58.28
USA,5,2015,739.967,94.91,8.88,108.0
USA,6,2015,2220.694,487.51,1088.14,68.28
USA,7,2015,555.174,109.27,455.243,73.28
USA,1,2016,103.129,56.06,4.641,85.78
USA,2,2016,283.957,101.3,3.124,60.76
USA,3,2016,0.0,0.0,0.0,81.02
USA,4,2016,525.464,124.97,12.611,59.94
USA,5,2016,731.271,93.8,8.775,109.8
USA,6,2016,2270.088,498.35,1112.343,69.94
USA,7,2016,464.958,91.51,381.266,74.94
USA,1,2017,141.097,76.7,6.349,75.48
USA,2,2017,337.08,120.25,3.708,57.11
USA,3,2017,0.0,0.0,0.0,75.35
USA,4,2017,528.617,125.72,12.687,59.27
USA,5,2017,722.443,92.66,8.669,111.6
USA,6,2017,2301.277,505.2,1127.626,69.27
USA,7,2017,374.626,73.73,307.193,74.27
USA,1,2018,193.043,104.94,8.687,66.43
USA,2,2018,400.141,142.74,4.402,53.68
USA,3,2018,0.0,0.0,0.0,74.0
USA,4,2018,531.788,126.47,12.763,56.6
USA,5,2018,713.483,91.51,8.562,113.4
USA,6,2018,2307.872,506.65,1130.857,66.6
USA,7,2018,285.243,56.14,233.899,71.6
USA,1,2019,264.113,143.57,11.885,58.46
USA,2,2019,474.999,169.45,5.225,50.46
USA,3,2019,0.0,0.0,0.0,74.0
USA,4,2019,534.979,127.23,12.839,53.17
USA,5,2019,704.389,90.35,8.453,115.2
USA,6,2019,2281.304,500.81,1117.839,63.17
USA,7,2019,198.374,39.04,162.667,68.17
USA,1,2020,361.349,196.43,16.261,51.44
USA,2,2020,563.862,201.15,6.202,47.44
USA,3,2020,0.0,0.0,0.0,74.0
USA,4,2020,538.189,127.99,12.917,50.6
USA,5,2020,695.161,89.16,8.342,117.0
USA,6,2020,2210.03,485.17,1082.915,60.6
USA,7,2020,116.317,22.89,95.38,65.6
USA,1,2021,494.384,268.75,22.247,45.27
USA,2,2021,669.35,238.78,7.363,44.59
USA,3,2021,0.0,0.0,0.0,74.0
USA,4,2021,541.418,128.76,12.994,50.1
USA,5,2021,685.796,87.96,8.23,118.8
USA,6,2021,2014.827,442.31,987.265,60.1
USA,7,2021,106.044,20.87,86.956,65.1
USA,1,2022,676.396,367.69,30.438,39.84
USA,2,2022,794.571,283.45,8.74,41.91
USA,3,2022,0.0,0.0,0.0,74.0
USA,4,2022,544.667,129.53,13.072,51.91
USA,5,2022,676.294,86.74,8.116,120.6
USA,6,2022,1754.612,385.19,859.76,61.91
USA,7,2022,92.348,18.18,75.725,66.91
USA,1,2023,925.418,503.05,41.644,36.0
USA,2,2023,943.22,336.48,10.375,39.4
USA,3,2023,0.0,0.0,0.0,74.0
USA,4,2023,547.935,130.31,13.15,55.17
USA,5,2023,666.654,85.51,8.0,122.4
USA,6,2023,1408.751,309.26,690.288,65.17
USA,7,2023,74.145,14.59,60.799,70.17
USA,1,2024,1148.38,624.26,51.677,36.0
USA,2,2024,1119.677,399.43,12.316,37.03
USA,3,2024,0.0,0.0,0.0,74.0
USA,4,2024,551.222,131.09,13.229,58.35
USA,5,2024,656.873,84.25,7.882,124.2
USA,6,2024,1061.498,233.03,520.134,68.35
USA,7,2024,55.868,11.0,45.812,73.35
CHN,1,2005,3.0,1.63,0.135,350.0
CHN,2,2005,26.25,9.36,0.289,120.0
CHN,3,2005,5.0,1.3,0.06,180.0
CHN,4,2005,300.0,71.35,7.2,55.0
CHN,5,2005,125.0,16.03,1.5,90.0
CHN,6,2005,408.15,89.6,199.994,65.0
CHN,7,2005,1632.6,321.33,1338.732,70.0
CHN,1,2006,4.276,2.32,0.192,308.0
CHN,2,2006,32.462,11.58,0.357,112.8
CHN,3,2006,6.55,1.7,0.079,167.4
CHN,4,2006,314.4,74.77,7.546,58.22
CHN,5,2006,131.0,16.8,1.572,91.8
CHN,6,2006,464.626,102.0,227.667,68.22
CHN,7,2006,1666.686,328.04,1366.683,73.22
CHN,1,2007,6.094,3.31,0.274,271.04
CHN,2,2007,40.144,14.32,0.442,106.03
CHN,3,2007,8.581,2.23,0.103,155.68
CHN,4,2007,329.491,78.36,7.908,59.93
CHN,5,2007,137.288,17.61,1.647,93.6
CHN,6,2007,524.902,115.23,257.202,69.93
CHN,7,2007,1699.26,334.45,1393.393,74.93
CHN,1,2008,8.686,4.72,0.391,238.52
CHN,2,2008,49.643,17.71,0.546,99.67
CHN,3,2008,11.24,2.92,0.135,144.78
CHN,4,2008,345.307,82.12,8.287,59.32
CHN,5,2008,143.878,18.45,1.727,95.4
CHN,6,2008,588.976,129.3,288.598,69.32
CHN,7,2008,1729.826,340.46,1418.457,74.32
CHN,1,2009,12.38,6.73,0.557,209.89
CHN,2,2009,61.391,21.9,0.675,93.69
CHN,3,2009,14.725,3.82,0.177,134.65
CHN,4,2009,361.882,86.06,8.685,56.67
CHN,5,2009,150.784,19.34,1.809,97.2
CHN,6,2009,656.749,144.18,321.807,66.67
CHN,7,2009,1757.769,345.96,1441.371,71.67
CHN,1,2010,17.645,9.59,0.794,184.71
CHN,2,2010,75.918,27.08,0.835,88.07
CHN,3,2010,19.29,5.0,0.231,125.22
CHN,4,2010,379.252,90.2,9.102,53.25
CHN,5,2010,158.022,20.27,1.896,99.0
CHN,6,2010,727.989,159.81,356.715,63.25
CHN,7,2010,1782.317,350.79,1461.5,68.25
CHN,1,2011,25.149,13.67,1.132,162.54
CHN,2,2011,93.883,33.49,1.033,82.78
CHN,3,2011,25.27,6.56,0.303,116.46
CHN,4,2011,397.456,94.52,9.539,50.64
CHN,5,2011,165.607,21.24,1.987,100.8
CHN,6,2011,802.269,176.12,393.112,60.64
CHN,7,2011,1802.499,354.77,1478.049,65.64
CHN,1,2012,35.845,19.49,1.613,143.04
CHN,2,2012,116.1,41.42,1.277,77.82
CHN,3,2012,33.103,8.59,0.397,108.31
CHN,4,2012,416.534,99.06,9.997,50.09
CHN,5,2012,173.556,22.26,2.083,102.6
CHN,6,2012,878.889,192.94,430.656,60.09
CHN,7,2012,1817.089,357.64,1490.013,65.09
CHN,1,2013,51.088,27.77,2.299,125.87
CHN,2,2013,143.574,51.22,1.579,73.15
CHN,3,2013,43.365,11.25,0.52,100.72
CHN,4,2013,436.527,103.82,10.477,51.84
CHN,5,2013,181.886,23.33,2.183,104.4
CHN,6,2013,956.763,210.04,468.814,61.84
CHN,7,2013,1824.524,359.1,1496.11,66.84
CHN,1,2014,72.815,39.58,3.277,110.77
CHN,2,2014,177.549,63.34,1.953,68.76
CHN,3,2014,56.808,14.74,0.682,93.67
CHN,4,2014,457.481,108.8,10.98,55.08
CHN,5,2014,190.617,24.45,2.287,106.2
CHN,6,2014,1034.259,227.05,506.787,65.08
CHN,7,2014,1822.81,358.76,1494.704,70.08
CHN,1,2015,103.782,56.42,4.67,97.48
CHN,2,2015,219.565,78.33,2.415,64.63
CHN,3,2015,74.419,19.31,0.893,87.12
CHN,4,2015,479.44,114.02,11.507,58.28
CHN,5,2015,199.767,25.62,2.397,108.0
CHN,6,2015,1108.977,243.45,543.399,68.28
CHN,7,2015,1809.383,356.12,1483.694,73.28
CHN,1,2016,147.919,80.41,6.656,85.78
CHN,2,2016,271.522,96.86,2.987,60.76
CHN,3,2016,97.489,25.29,1.17,81.02
CHN,4,2016,502.453,119.5,12.059,59.94
CHN,5,2016,209.355,26.85,2.512,109.8
CHN,6,2016,1177.431,258.48,576.941,69.94
CHN,7,2016,1780.938,350.52,1460.369,74.94
CHN,1,2017,210.826,114.6,9.487,75.48
CHN,2,2017,335.775,119.78,3.694,57.11
CHN,3,2017,127.71,33.13,1.533,75.35
CHN,4,2017,526.571,125.23,12.638,59.27
CHN,5,2017,219.404,28.14,2.633,111.6
CHN,6,2017,1234.606,271.03,604.957,69.27
CHN,7,2017,1733.197,341.13,1421.222,74.27
CHN,1,2018,300.486,163.34,13.522,66.43
CHN,2,2018,415.233,148.13,4.568,53.68
CHN,3,2018,167.3,43.4,2.008,74.0
CHN,4,2018,551.846,131.24,13.244,56.6
CHN,5,2018,229.936,29.49,2.759,113.4
CHN,6,2018,1273.319,279.53,623.926,66.6
CHN,7,2018,1660.596,326.84,1361.689,71.6
CHN,1,2019,428.276,232.81,19.272,58.46
CHN,2,2019,513.494,183.18,5.648,50.46
CHN,3,2019,219.163,56.86,2.63,74.0
CHN,4,2019,578.335,137.54,13.88,53.17
CHN,5,2019,240.973,30.91,2.892,115.2
CHN,6,2019,1283.325,281.73,628.829,63.17
CHN,7,2019,1555.889,306.23,1275.829,68.17
CHN,1,2020,610.413,331.82,27.469,51.44
CHN,2,2020,635.007,226.53,6.985,47.44
CHN,3,2020,287.104,74.49,3.445,74.0
CHN,4,2020,606.095,144.14,14.546,50.6
CHN,5,2020,252.539,32.39,3.03,117.0
CHN,6,2020,1250.026,274.42,612.513,60.6
CHN,7,2020,1409.604,277.44,1155.875,65.6
CHN,1,2021,870.01,472.93,39.15,45.27
CHN,2,2021,785.275,280.14,8.638,44.59
CHN,3,2021,376.106,97.58,4.513,74.0
CHN,4,2021,635.187,151.06,15.244,50.1
CHN,5,2021,264.661,33.95,3.176,118.8
CHN,6,2021,1152.649,253.04,564.798,60.1
CHN,7,2021,1209.337,238.02,991.656,65.1
CHN,1,2022,1240.008,674.06,55.8,39.84
CHN,2,2022,971.103,346.43,10.682,41.91
CHN,3,2022,492.699,127.83,5.912,74.0
CHN,4,2022,665.676,158.31,15.976,51.91
CHN,5,2022,277.365,35.58,3.328,120.6
CHN,6,2022,961.628,211.11,471.198,61.91
CHN,7,2022,938.822,184.78,769.834,66.91
CHN,1,2023,1453.393,790.06,65.403,36.0
CHN,2,2023,1200.905,428.41,13.21,39.4
CHN,3,2023,645.436,167.45,7.745,74.0
CHN,4,2023,697.629,165.91,16.743,55.17
CHN,5,2023,290.679,37.28,3.488,122.4
CHN,6,2023,799.378,175.49,391.695,65.17
CHN,7,2023,726.153,142.92,595.445,70.17
CHN,1,2024,1523.156,827.98,68.542,36.0
CHN,2,2024,1485.087,529.78,16.336,37.03
CHN,3,2024,845.521,219.37,10.146,74.0
CHN,4,2024,731.115,173.88,17.547,58.35
CHN,5,2024,304.631,39.07,3.656,124.2
CHN,6,2024,652.088,143.15,319.523,68.35
CHN,7,2024,551.026,108.45,451.841,73.35
IND,1,2005,0.56,0.3,0.025,350.0
IND,2,2005,7.35,2.62,0.081,120.0
IND,3,2005,0.0,0.0,0.0,180.0
IND,4,2005,84.0,19.98,2.016,55.0
IND,5,2005,0.0,0.0,0.0,90.0
IND,6,2005,121.618,26.7,59.593,65.0
IND,7,2005,486.472,95.75,398.907,70.0
IND,1,2006,0.798,0.43,0.036,308.0
IND,2,2006,9.089,3.24,0.1,112.8
IND,3,2006,0.0,0.0,0.0,167.4
IND,4,2006,88.032,20.94,2.113,58.22
IND,5,2006,0.0,0.0,0.0,91.8
IND,6,2006,138.578,30.42,67.903,68.22
IND,7,2006,497.102,97.84,407.624,73.22
IND,1,2007,1.138,0.62,0.051,271.04
IND,2,2007,11.24,4.01,0.124,106.03
IND,3,2007,0.0,0.0,0.0,155.68
IND,4,2007,92.258,21.94,2.214,59.93
IND,5,2007,0.0,0.0,0.0,93.6
IND,6,2007,156.746,34.41,76.806,69.93
IND,7,2007,507.432,99.87,416.094,74.93
IND,1,2008,1.621,0.88,0.073,238.52
IND,2,2008,13.9,4.96,0.153,99.67
IND,3,2008,0.0,0.0,0.0,144.78
IND,4,2008,96.686,22.99,2.32,59.32
IND,5,2008,0.0,0.0,0.0,95.4
IND,6,2008,176.151,38.67,86.314,69.32
IND,7,2008,517.357,101.83,424.233,74.32
IND,1,2009,2.311,1.26,0.104,209.89
IND,2,2009,17.189,6.13,0.189,93.69
IND,3,2009,0.0,0.0,0.0,134.65
IND,4,2009,101.327,24.1,2.432,56.67
IND,5,2009,0.0,0.0,0.0,97.2
IND,6,2009,196.809,43.21,96.436,66.67
IND,7,2009,526.754,103.68,431.938,71.67
IND,1,2010,3.294,1.79,0.148,184.71
IND,2,2010,21.257,7.58,0.234,88.07
IND,3,2010,0.0,0.0,0.0,125.22
IND,4,2010,106.191,25.25,2.549,53.25
IND,5,2010,0.0,0.0,0.0,99.0
IND,6,2010,218.712,48.01,107.169,63.25
IND,7,2010,535.467,105.39,439.083,68.25
IND,1,2011,4.694,2.55,0.211,162.54
IND,2,2011,26.287,9.38,0.289,82.78
IND,3,2011,0.0,0.0,0.0,116.46
IND,4,2011,111.288,26.47,2.671,50.64
IND,5,2011,0.0,0.0,0.0,100.8
IND,6,2011,241.819,53.09,118.491,60.64
IND,7,2011,543.308,106.93,445.513,65.64
IND,1,2012,6.691,3.64,0.301,143.04
IND,2,2012,32.508,11.6,0.358,77.82
IND,3,2012,0.0,0.0,0.0,108.31
IND,4,2012,116.629,27.74,2.799,50.09
IND,5,2012,0.0,0.0,0.0,102.6
IND,6,2012,266.043,58.4,130.361,60.09
IND,7,2012,550.04,108.26,451.033,65.09
IND,1,2013,9.537,5.18,0.429,125.87
IND,2,2013,40.201,14.34,0.442,73.15
IND,3,2013,0.0,0.0,0.0,100.72
IND,4,2013,122.228,29.07,2.933,51.84
IND,5,2013,0.0,0.0,0.0,104.4
IND,6,2013,291.23,63.93,142.703,61.84
IND,7,2013,555.369,109.31,455.403,66.84
IND,1,2014,13.592,7.39,0.612,110.77
IND,2,2014,49.714,17.73,0.547,68.76
IND,3,2014,0.0,0.0,0.0,93.67
IND,4,2014,128.095,30.46,3.074,55.08
IND,5,2014,0.0,0.0,0.0,106.2
IND,6,2014,317.132,69.62,155.395,65.08
IND,7,2014,558.923,110.01,458.317,70.08
IND,1,2015,19.373,10.53,0.872,97.48
IND,2,2015,61.478,21.93,0.676,64.63
IND,3,2015,0.0,0.0,0.0,87.12
IND,4,2015,134.243,31.93,3.222,58.28
IND,5,2015,0.0,0.0,0.0,108.0
IND,6,2015,343.368,75.38,168.25,68.28
IND,7,2015,560.231,110.26,459.389,73.28
IND,1,2016,27.612,15.01,1.243,85.78
IND,2,2016,76.026,27.12,0.836,60.76
IND,3,2016,0.0,0.0,0.0,81.02
IND,4,2016,140.687,33.46,3.376,59.94
IND,5,2016,0.0,0.0,0.0,109.8
IND,6,2016,369.37,81.09,180.991,69.94
IND,7,2016,558.695,109.96,458.13,74.94
IND,1,2017,39.354,21.39,1.771,75.48
IND,2,2017,94.017,33.54,1.034,57.11
IND,3,2017,0.0,0.0,0.0,75.35
IND,4,2017,147.44,35.06,3.539,59.27
IND,5,2017,0.0,0.0,0.0,111.6
IND,6,2017,394.307,86.56,193.21,69.27
IND,7,2017,553.547,108.95,453.909,74.27
IND,1,2018,56.091,30.49,2.524,66.43
IND,2,2018,116.265,41.48,1.279,53.68
IND,3,2018,0.0,0.0,0.0,74.0
IND,4,2018,154.517,36.75,3.708,56.6
IND,5,2018,0.0,0.0,0.0,113.4
IND,6,2018,416.973,91.54,204.317,66.6
IND,7,2018,543.795,107.03,445.912,71.6
IND,1,2019,79.945,43.46,3.598,58.46
IND,2,2019,143.778,51.29,1.582,50.46
IND,3,2019,0.0,0.0,0.0,74.0
IND,4,2019,161.934,38.51,3.886,53.17
IND,5,2019,0.0,0.0,0.0,115.2
IND,6,2019,435.633,95.63,213.46,63.17
IND,7,2019,528.157,103.95,433.089,68.17
IND,1,2020,113.944,61.94,5.127,51.44
IND,2,2020,177.802,63.43,1.956,47.44
IND,3,2020,0.0,0.0,0.0,74.0
IND,4,2020,169.707,40.36,4.073,50.6
IND,5,2020,0.0,0.0,0.0,117.0
IND,6,2020,447.801,98.31,219.422,60.6
IND,7,2020,504.967,99.39,414.073,65.6
IND,1,2021,162.402,88.28,7.308,45.27
IND,2,2021,219.877,78.44,2.419,44.59
IND,3,2021,0.0,0.0,0.0,74.0
IND,4,2021,177.852,42.3,4.268,50.1
IND,5,2021,0.0,0.0,0.0,118.8
IND,6,2021,449.922,98.77,220.462,60.1
IND,7,2021,472.05,92.91,387.081,65.1
IND,1,2022,231.468,125.83,10.416,39.84
IND,2,2022,271.909,97.0,2.991,41.91
IND,3,2022,0.0,0.0,0.0,74.0
IND,4,2022,186.389,44.33,4.473,51.91
IND,5,2022,0.0,0.0,0.0,120.6
IND,6,2022,436.92,95.92,214.091,61.91
IND,7,2022,426.558,83.95,349.778,66.91
IND,1,2023,329.907,179.34,14.846,36.0
IND,2,2023,336.253,119.95,3.699,39.4
IND,3,2023,0.0,0.0,0.0,74.0
IND,4,2023,195.336,46.46,4.688,55.17
IND,5,2023,0.0,0.0,0.0,122.4
IND,6,2023,401.543,88.15,196.756,65.17
IND,7,2023,364.761,71.79,299.104,70.17
IND,1,2024,426.484,231.84,19.192,36.0
IND,2,2024,415.824,148.34,4.574,37.03
IND,3,2024,0.0,0.0,0.0,74.0
IND,4,2024,204.712,48.69,4.913,58.35
IND,5,2024,0.0,0.0,0.0,124.2
IND,6,2024,357.132,78.4,174.995,68.35
IND,7,2024,301.783,59.4,247.462,73.35
DEU,1,2005,0.744,0.4,0.033,350.0
DEU,2,2005,13.95,4.98,0.153,120.0
DEU,3,2005,1.24,0.32,0.015,180.0
DEU,4,2005,74.4,17.69,1.786,55.0
DEU,5,2005,0.0,0.0,0.0,90.0
DEU,6,2005,264.833,58.14,129.768,65.0
DEU,7,2005,264.833,52.12,217.163,70.0
DEU,1,2006,1.018,0.55,0.046,308.0
DEU,2,2006,16.56,5.91,0.182,112.8
DEU,3,2006,1.559,0.4,0.019,167.4
DEU,4,2006,74.846,17.8,1.796,58.22
DEU,5,2006,0.0,0.0,0.0,91.8
DEU,6,2006,280.76,61.64,137.572,68.22
DEU,7,2006,248.976,49.0,204.16,73.22
DEU,1,2007,1.393,0.76,0.063,271.04
DEU,2,2007,19.658,7.01,0.216,106.03
DEU,3,2007,1.961,0.51,0.024,155.68
DEU,4,2007,75.295,17.91,1.807,59.93
DEU,5,2007,0.0,0.0,0.0,93.6
DEU,6,2007,296.327,65.05,145.2,69.93
DEU,7,2007,232.828,45.83,190.919,74.93
DEU,1,2008,1.905,1.04,0.086,238.52
DEU,2,2008,23.335,8.32,0.257,99.67
DEU,3,2008,2.466,0.64,0.03,144.78
DEU,4,2008,75.747,18.01,1.818,59.32
DEU,5,2008,0.0,0.0,0.0,95.4
DEU,6,2008,311.386,68.36,152.579,69.32
DEU,7,2008,216.387,42.59,177.437,74.32
DEU,1,2009,2.607,1.42,0.117,209.89
DEU,2,2009,27.701,9.88,0.305,93.69
DEU,3,2009,3.101,0.8,0.037,134.65
DEU,4,2009,76.202,18.12,1.829,56.67
DEU,5,2009,0.0,0.0,0.0,97.2
DEU,6,2009,325.751,71.51,159.618,66.67
DEU,7,2009,199.654,39.3,163.716,71.67
DEU,1,2010,3.567,1.94,0.161,184.71
DEU,2,2010,32.883,11.73,0.362,88.07
DEU,3,2010,3.899,1.01,0.047,125.22
DEU,4,2010,76.659,18.23,1.84,53.25
DEU,5,2010,0.0,0.0,0.0,99.0
DEU,6,2010,339.181,74.46,166.199,63.25
DEU,7,2010,182.636,35.95,149.762,68.25
DEU,1,2011,4.88,2.65,0.22,162.54
DEU,2,2011,39.035,13.93,0.429,82.78
DEU,3,2011,4.903,1.27,0.059,116.46
DEU,4,2011,77.119,18.34,1.851,50.64
DEU,5,2011,0.0,0.0,0.0,100.8
DEU,6,2011,351.37,77.14,172.171,60.64
DEU,7,2011,165.351,32.54,135.588,65.64
DEU,1,2012,6.676,3.63,0.3,143.04
DEU,2,2012,46.338,16.53,0.51,77.82
DEU,3,2012,6.166,1.6,0.074,108.31
DEU,4,2012,77.582,18.45,1.862,50.09
DEU,5,2012,0.0,0.0,0.0,102.6
DEU,6,2012,361.924,79.45,177.343,60.09
DEU,7,2012,147.828,29.1,121.219,65.09
DEU,1,2013,9.134,4.97,0.411,125.87
DEU,2,2013,55.007,19.62,0.605,73.15
DEU,3,2013,7.753,2.01,0.093,100.72
DEU,4,2013,78.047,18.56,1.873,51.84
DEU,5,2013,0.0,0.0,0.0,104.4
DEU,6,2013,370.334,81.3,181.464,61.84
DEU,7,2013,130.117,25.61,106.696,66.84
DEU,1,2014,12.497,6.79,0.562,110.77
DEU,2,2014,65.297,23.29,0.718,68.76
DEU,3,2014,9.75,2.53,0.117,93.67
DEU,4,2014,78.515,18.67,1.884,55.08
DEU,5,2014,0.0,0.0,0.0,106.2
DEU,6,2014,375.941,82.53,184.211,65.08
DEU,7,2014,112.294,22.1,92.081,70.08
DEU,1,2015,17.098,9.29,0.769,97.48
DEU,2,2015,77.513,27.65,0.853,64.63
DEU,3,2015,12.26,3.18,0.147,87.12
DEU,4,2015,78.986,18.78,1.896,58.28
DEU,5,2015,0.0,0.0,0.0,108.0
DEU,6,2015,377.89,82.96,185.166,68.28
DEU,7,2015,94.473,18.59,77.468,73.28
DEU,1,2016,23.393,12.72,1.053,85.78
DEU,2,2016,92.014,32.82,1.012,60.76
DEU,3,2016,15.417,4.0,0.185,81.02
DEU,4,2016,79.46,18.9,1.907,59.94
DEU,5,2016,0.0,0.0,0.0,109.8
DEU,6,2016,375.065,82.34,183.782,69.94
DEU,7,2016,76.821,15.12,62.993,74.94
DEU,1,2017,32.005,17.4,1.44,75.48
DEU,2,2017,109.228,38.97,1.202,57.11
DEU,3,2017,19.387,5.03,0.233,75.35
DEU,4,2017,79.937,19.01,1.918,59.27
DEU,5,2017,0.0,0.0,0.0,111.6
DEU,6,2017,366.004,80.35,179.342,69.27
DEU,7,2017,59.582,11.73,48.857,74.27
DEU,1,2018,43.788,23.8,1.97,66.43
DEU,2,2018,129.662,46.25,1.426,53.68
DEU,3,2018,24.38,6.33,0.293,74.0
DEU,4,2018,80.417,19.13,1.93,56.6
DEU,5,2018,0.0,0.0,0.0,113.4
DEU,6,2018,348.785,76.57,170.905,66.6
DEU,7,2018,43.108,8.48,35.349,71.6
DEU,1,2019,59.909,32.57,2.696,58.46
DEU,2,2019,153.92,54.91,1.693,50.46
DEU,3,2019,30.657,7.95,0.368,74.0
DEU,4,2019,80.899,19.24,1.942,53.17
DEU,5,2019,0.0,0.0,0.0,115.2
DEU,6,2019,320.874,70.44,157.228,63.17
DEU,7,2019,27.902,5.49,22.88,68.17
DEU,1,2020,81.965,44.56,3.688,51.44
DEU,2,2020,182.715,65.18,2.01,47.44
DEU,3,2020,38.552,10.0,0.463,74.0
DEU,4,2020,81.385,19.36,1.953,50.6
DEU,5,2020,0.0,0.0,0.0,117.0
DEU,6,2020,278.91,61.23,136.666,60.6
DEU,7,2020,14.679,2.89,12.037,65.6
DEU,1,2021,112.141,60.96,5.046,45.27
DEU,2,2021,204.682,73.02,2.252,44.59
DEU,3,2021,48.479,12.58,0.582,74.0
DEU,4,2021,81.873,19.47,1.965,50.1
DEU,5,2021,0.0,0.0,0.0,118.8
DEU,6,2021,223.345,49.03,109.439,60.1
DEU,7,2021,11.755,2.31,9.639,65.1
DEU,1,2022,153.426,83.4,6.904,39.84
DEU,2,2022,205.911,73.46,2.265,41.91
DEU,3,2022,60.962,15.82,0.732,74.0
DEU,4,2022,82.364,19.59,1.977,51.91
DEU,5,2022,0.0,0.0,0.0,120.6
DEU,6,2022,174.52,38.31,85.515,61.91
DEU,7,2022,9.185,1.81,7.532,66.91
DEU,1,2023,172.622,93.84,7.768,36.0
DEU,2,2023,207.146,73.9,2.279,39.4
DEU,3,2023,76.659,19.89,0.92,74.0
DEU,4,2023,82.858,19.71,1.989,55.17
DEU,5,2023,0.0,0.0,0.0,122.4
DEU,6,2023,143.641,31.53,70.384,65.17
DEU,7,2023,7.56,1.49,6.199,70.17
DEU,1,2024,173.657,94.4,7.815,36.0
DEU,2,2024,208.389,74.34,2.292,37.03
DEU,3,2024,96.399,25.01,1.157,74.0
DEU,4,2024,83.356,19.82,2.001,58.35
DEU,5,2024,0.0,0.0,0.0,124.2
DEU,6,2024,126.187,27.7,61.832,68.35
DEU,7,2024,6.641,1.31,5.446,73.35
GBR,1,2005,0.32,0.17,0.014,350.0
GBR,2,2005,9.0,3.21,0.099,120.0
GBR,3,2005,0.8,0.21,0.01,180.0
GBR,4,2005,48.0,11.42,1.152,55.0
GBR,5,2005,20.0,2.57,0.24,90.0
GBR,6,2005,160.94,35.33,78.861,65.0
GBR,7,2005,160.94,31.68,131.971,70.0
GBR,1,2006,0.438,0.24,0.02,308.0
GBR,2,2006,10.684,3.81,0.118,112.8
GBR,3,2006,1.006,0.26,0.012,167.4
GBR,4,2006,48.288,11.48,1.159,58.22
GBR,5,2006,20.12,2.58,0.241,91.8
GBR,6,2006,170.588,37.45,83.588,68.22
GBR,7,2006,151.276,29.77,124.046,73.22
GBR,1,2007,0.599,0.33,0.027,271.04
GBR,2,2007,12.682,4.52,0.14,106.03
GBR,3,2007,1.265,0.33,0.015,155.68
GBR,4,2007,48.578,11.55,1.166,59.93
GBR,5,2007,20.241,2.6,0.243,93.6
GBR,6,2007,180.012,39.52,88.206,69.93
GBR,7,2007,141.438,27.84,115.979,74.93
GBR,1,2008,0.82,0.45,0.037,238.52
GBR,2,2008,15.055,5.37,0.166,99.67
GBR,3,2008,1.591,0.41,0.019,144.78
GBR,4,2008,48.869,11.62,1.173,59.32
GBR,5,2008,20.362,2.61,0.244,95.4
GBR,6,2008,189.122,41.52,92.67,69.32
GBR,7,2008,131.424,25.87,107.768,74.32
GBR,1,2009,1.121,0.61,0.05,209.89
GBR,2,2009,17.872,6.38,0.197,93.69
GBR,3,2009,2.0,0.52,0.024,134.65
GBR,4,2009,49.162,11.69,1.18,56.67
GBR,5,2009,20.484,2.63,0.246,97.2
GBR,6,2009,197.809,43.42,96.926,66.67
GBR,7,2009,121.238,23.86,99.415,71.67
GBR,1,2010,1.534,0.83,0.069,184.71
GBR,2,2010,21.215,7.57,0.233,88.07
GBR,3,2010,2.516,0.65,0.03,125.22
GBR,4,2010,49.457,11.76,1.187,53.25
GBR,5,2010,20.607,2.64,0.247,99.0
GBR,6,2010,205.93,45.21,100.906,63.25
GBR,7,2010,110.885,21.82,90.926,68.25
GBR,1,2011,2.099,1.14,0.094,162.54
GBR,2,2011,25.184,8.98,0.277,82.78
GBR,3,2011,3.163,0.82,0.038,116.46
GBR,4,2011,49.754,11.83,1.194,50.64
GBR,5,2011,20.731,2.66,0.249,100.8
GBR,6,2011,213.307,46.83,104.52,60.64
GBR,7,2011,100.38,19.76,82.312,65.64
GBR,1,2012,2.871,1.56,0.129,143.04
GBR,2,2012,29.895,10.66,0.329,77.82
GBR,3,2012,3.978,1.03,0.048,108.31
GBR,4,2012,50.053,11.9,1.201,50.09
GBR,5,2012,20.855,2.67,0.25,102.6
GBR,6,2012,219.712,48.23,107.659,60.09
GBR,7,2012,89.741,17.66,73.588,65.09
GBR,1,2013,3.929,2.14,0.177,125.87
GBR,2,2013,35.488,12.66,0.39,73.15
GBR,3,2013,5.002,1.3,0.06,100.72
GBR,4,2013,50.353,11.98,1.208,51.84
GBR,5,2013,20.98,2.69,0.252,104.4
GBR,6,2013,224.853,49.36,110.178,61.84
GBR,7,2013,79.003,15.55,64.782,66.84
GBR,1,2014,5.375,2.92,0.242,110.77
GBR,2,2014,42.127,15.03,0.463,68.76
GBR,3,2014,6.29,1.63,0.075,93.67
GBR,4,2014,50.655,12.05,1.216,55.08
GBR,5,2014,21.106,2.71,0.253,106.2
GBR,6,2014,228.36,50.13,111.896,65.08
GBR,7,2014,68.212,13.43,55.934,70.08
GBR,1,2015,7.354,4.0,0.331,97.48
GBR,2,2015,50.008,17.84,0.55,64.63
GBR,3,2015,7.91,2.05,0.095,87.12
GBR,4,2015,50.959,12.12,1.223,58.28
GBR,5,2015,21.233,2.72,0.255,108.0
GBR,6,2015,229.756,50.44,112.58,68.28
GBR,7,2015,57.439,11.31,47.1,73.28
GBR,1,2016,10.061,5.47,0.453,85.78
GBR,2,2016,59.364,21.18,0.653,60.76
GBR,3,2016,9.947,2.58,0.119,81.02
GBR,4,2016,51.265,12.19,1.23,59.94
GBR,5,2016,21.36,2.74,0.256,109.8
GBR,6,2016,228.424,50.15,111.928,69.94
GBR,7,2016,46.786,9.21,38.365,74.94
GBR,1,2017,13.766,7.48,0.619,75.48
GBR,2,2017,70.47,25.14,0.775,57.11
GBR,3,2017,12.508,3.25,0.15,75.35
GBR,4,2017,51.572,12.27,1.238,59.27
GBR,5,2017,21.488,2.76,0.258,111.6
GBR,6,2017,223.57,49.08,109.549,69.27
GBR,7,2017,36.395,7.16,29.844,74.27
GBR,1,2018,18.833,10.24,0.847,66.43
GBR,2,2018,83.653,29.84,0.92,53.68
GBR,3,2018,15.729,4.08,0.189,74.0
GBR,4,2018,51.882,12.34,1.245,56.6
GBR,5,2018,21.617,2.77,0.259,113.4
GBR,6,2018,214.164,47.02,104.94,66.6
GBR,7,2018,26.47,5.21,21.705,71.6
GBR,1,2019,25.767,14.01,1.16,58.46
GBR,2,2019,99.303,35.42,1.092,50.46
GBR,3,2019,19.779,5.13,0.237,74.0
GBR,4,2019,52.193,12.41,1.253,53.17
GBR,5,2019,21.747,2.79,0.261,115.2
GBR,6,2019,198.861,43.66,97.442,63.17
GBR,7,2019,17.292,3.4,14.179,68.17
GBR,1,2020,35.254,19.16,1.586,51.44
GBR,2,2020,117.881,42.05,1.297,47.44
GBR,3,2020,24.872,6.45,0.298,74.0
GBR,4,2020,52.506,12.49,1.26,50.6
GBR,5,2020,21.878,2.81,0.263,117.0
GBR,6,2020,175.904,38.62,86.193,60.6
GBR,7,2020,9.258,1.82,7.592,65.6
GBR,1,2021,48.233,26.22,2.17,45.27
GBR,2,2021,132.053,47.11,1.453,44.59
GBR,3,2021,31.276,8.11,0.375,74.0
GBR,4,2021,52.821,12.56,1.268,50.1
GBR,5,2021,22.009,2.82,0.264,118.8
GBR,6,2021,146.096,32.07,71.587,60.1
GBR,7,2021,7.689,1.51,6.305,65.1
GBR,1,2022,65.99,35.87,2.97,39.84
GBR,2,2022,132.846,47.39,1.461,41.91
GBR,3,2022,39.33,10.2,0.472,74.0
GBR,4,2022,53.138,12.64,1.275,51.91
GBR,5,2022,22.141,2.84,0.266,120.6
GBR,6,2022,122.905,26.98,60.223,61.91
GBR,7,2022,6.469,1.27,5.305,66.91
GBR,1,2023,90.285,49.08,4.063,36.0
GBR,2,2023,133.643,47.68,1.47,39.4
GBR,3,2023,49.458,12.83,0.593,74.0
GBR,4,2023,53.457,12.71,1.283,55.17
GBR,5,2023,22.274,2.86,0.267,122.4
GBR,6,2023,91.542,20.1,44.856,65.17
GBR,7,2023,4.818,0.95,3.951,70.17
GBR,1,2024,112.037,60.9,5.042,36.0
GBR,2,2024,134.444,47.96,1.479,37.03
GBR,3,2024,62.193,16.14,0.746,74.0
GBR,4,2024,53.778,12.79,1.291,58.35
GBR,5,2024,22.407,2.87,0.269,124.2
GBR,6,2024,60.124,13.2,29.461,68.35
GBR,7,2024,3.164,0.62,2.594,73.35
FRA,1,2005,0.44,0.24,0.02,350.0
FRA,2,2005,5.775,2.06,0.064,120.0
FRA,3,2005,0.0,0.0,0.0,180.0
FRA,4,2005,66.0,15.7,1.584,55.0
FRA,5,2005,429.0,55.03,5.148,90.0
FRA,6,2005,24.393,5.35,11.953,65.0
FRA,7,2005,24.393,4.8,20.002,70.0
FRA,1,2006,0.602,0.33,0.027,308.0
FRA,2,2006,6.855,2.45,0.075,112.8
FRA,3,2006,0.0,0.0,0.0,167.4
FRA,4,2006,66.396,15.79,1.594,58.22
FRA,5,2006,428.254,54.93,5.139,91.8
FRA,6,2006,27.132,5.96,13.295,68.22
FRA,7,2006,24.06,4.74,19.729,73.22
FRA,1,2007,0.824,0.45,0.037,271.04
FRA,2,2007,8.138,2.9,0.09,106.03
FRA,3,2007,0.0,0.0,0.0,155.68
FRA,4,2007,66.794,15.89,1.603,59.93
FRA,5,2007,427.484,54.83,5.13,93.6
FRA,6,2007,29.893,6.56,14.648,69.93
FRA,7,2007,23.487,4.62,19.259,74.93
FRA,1,2008,1.127,0.61,0.051,238.52
FRA,2,2008,9.66,3.45,0.106,99.67
FRA,3,2008,0.0,0.0,0.0,144.78
FRA,4,2008,67.195,15.98,1.613,59.32
FRA,5,2008,426.689,54.73,5.12,95.4
FRA,6,2008,32.62,7.16,15.984,69.32
FRA,7,2008,22.668,4.46,18.588,74.32
FRA,1,2009,1.542,0.84,0.069,209.89
FRA,2,2009,11.468,4.09,0.126,93.69
FRA,3,2009,0.0,0.0,0.0,134.65
FRA,4,2009,67.598,16.08,1.622,56.67
FRA,5,2009,425.869,54.62,5.11,97.2
FRA,6,2009,35.242,7.74,17.269,66.67
FRA,7,2009,21.6,4.25,17.712,71.67
FRA,1,2010,2.109,1.15,0.095,184.71
FRA,2,2010,13.613,4.86,0.15,88.07
FRA,3,2010,0.0,0.0,0.0,125.22
FRA,4,2010,68.004,16.17,1.632,53.25
FRA,5,2010,425.024,54.52,5.1,99.0
FRA,6,2010,37.667,8.27,18.457,63.25
FRA,7,2010,20.282,3.99,16.631,68.25
FRA,1,2011,2.886,1.57,0.13,162.54
FRA,2,2011,16.16,5.76,0.178,82.78
FRA,3,2011,0.0,0.0,0.0,116.46
FRA,4,2011,68.412,16.27,1.642,50.64
FRA,5,2011,424.154,54.4,5.09,100.8
FRA,6,2011,39.772,8.73,19.488,60.64
FRA,7,2011,18.716,3.68,15.347,65.64
FRA,1,2012,3.948,2.15,0.178,143.04
FRA,2,2012,19.183,6.84,0.211,77.82
FRA,3,2012,0.0,0.0,0.0,108.31
FRA,4,2012,68.822,16.37,1.652,50.09
FRA,5,2012,423.258,54.29,5.079,102.6
FRA,6,2012,41.399,9.09,20.286,60.09
FRA,7,2012,16.91,3.33,13.866,65.09
FRA,1,2013,5.402,2.94,0.243,125.87
FRA,2,2013,22.772,8.12,0.25,73.15
FRA,3,2013,0.0,0.0,0.0,100.72
FRA,4,2013,69.235,16.47,1.662,51.84
FRA,5,2013,422.336,54.17,5.068,104.4
FRA,6,2013,42.34,9.29,20.747,61.84
FRA,7,2013,14.876,2.93,12.198,66.84
FRA,1,2014,7.391,4.02,0.333,110.77
FRA,2,2014,27.032,9.64,0.297,68.76
FRA,3,2014,0.0,0.0,0.0,93.67
FRA,4,2014,69.651,16.56,1.672,55.08
FRA,5,2014,421.387,54.05,5.057,106.2
FRA,6,2014,42.321,9.29,20.737,65.08
FRA,7,2014,12.641,2.49,10.366,70.08
FRA,1,2015,10.112,5.5,0.455,97.48
FRA,2,2015,32.089,11.45,0.353,64.63
FRA,3,2015,0.0,0.0,0.0,87.12
FRA,4,2015,70.069,16.66,1.682,58.28
FRA,5,2015,420.412,53.92,5.045,108.0
FRA,6,2015,40.98,9.0,20.08,68.28
FRA,7,2015,10.245,2.02,8.401,73.28
FRA,1,2016,13.834,7.52,0.623,85.78
FRA,2,2016,38.092,13.59,0.419,60.76
FRA,3,2016,0.0,0.0,0.0,81.02
FRA,4,2016,70.489,16.76,1.692,59.94
FRA,5,2016,419.41,53.8,5.033,109.8
FRA,6,2016,37.834,8.31,18.539,69.94
FRA,7,2016,7.749,1.53,6.354,74.94
FRA,1,2017,18.928,10.29,0.852,75.48
FRA,2,2017,45.218,16.13,0.497,57.11
FRA,3,2017,0.0,0.0,0.0,75.35
FRA,4,2017,70.912,16.86,1.702,59.27
FRA,5,2017,418.381,53.66,5.021,111.6
FRA,6,2017,32.246,7.08,15.801,69.27
FRA,7,2017,5.249,1.03,4.304,74.27
FRA,1,2018,25.745,13.99,1.159,66.43
FRA,2,2018,53.365,19.04,0.587,53.68
FRA,3,2018,0.0,0.0,0.0,74.0
FRA,4,2018,70.922,16.87,1.702,56.6
FRA,5,2018,414.895,53.22,4.979,113.4
FRA,6,2018,26.3,5.77,12.887,66.6
FRA,7,2018,3.251,0.64,2.666,71.6
FRA,1,2019,34.338,18.67,1.545,58.46
FRA,2,2019,61.756,22.03,0.679,50.46
FRA,3,2019,0.0,0.0,0.0,74.0
FRA,4,2019,69.554,16.54,1.669,53.17
FRA,5,2019,403.416,51.74,4.841,115.2
FRA,6,2019,26.663,5.85,13.065,63.17
FRA,7,2019,2.318,0.46,1.901,68.17
FRA,1,2020,45.46,24.71,2.046,51.44
FRA,2,2020,70.937,25.31,0.78,47.44
FRA,3,2020,0.0,0.0,0.0,74.0
FRA,4,2020,67.707,16.1,1.625,50.6
FRA,5,2020,389.318,49.94,4.672,117.0
FRA,6,2020,26.801,5.88,13.132,60.6
FRA,7,2020,1.411,0.28,1.157,65.6
FRA,1,2021,59.644,32.42,2.684,45.27
FRA,2,2021,80.752,28.81,0.888,44.59
FRA,3,2021,0.0,0.0,0.0,74.0
FRA,4,2021,65.318,15.53,1.568,50.1
FRA,5,2021,372.314,47.75,4.468,118.8
FRA,6,2021,25.855,5.68,12.669,60.1
FRA,7,2021,1.361,0.27,1.116,65.1
FRA,1,2022,77.414,42.08,3.484,39.84
FRA,2,2022,90.94,32.44,1.0,41.91
FRA,3,2022,0.0,0.0,0.0,74.0
FRA,4,2022,62.338,14.83,1.496,51.91
FRA,5,2022,352.209,45.18,4.227,120.6
FRA,6,2022,24.675,5.42,12.091,61.91
FRA,7,2022,1.299,0.26,1.065,66.91
FRA,1,2023,99.215,53.93,4.465,36.0
FRA,2,2023,101.123,36.07,1.112,39.4
FRA,3,2023,0.0,0.0,0.0,74.0
FRA,4,2023,58.744,13.97,1.41,55.17
FRA,5,2023,328.969,42.19,3.948,122.4
FRA,6,2023,23.253,5.1,11.394,65.17
FRA,7,2023,1.224,0.24,1.004,70.17
FRA,1,2024,115.849,62.98,5.213,36.0
FRA,2,2024,112.954,40.29,1.242,37.03
FRA,3,2024,0.0,0.0,0.0,74.0
FRA,4,2024,55.608,13.22,1.335,58.35
FRA,5,2024,308.623,39.59,3.703,124.2
FRA,6,2024,22.011,4.83,10.785,68.35
FRA,7,2024,1.158,0.23,0.95,73.35
JPN,1,2005,0.84,0.46,0.038,350.0
JPN,2,2005,11.025,3.93,0.121,120.0
JPN,3,2005,0.0,0.0,0.0,180.0
JPN,4,2005,126.0,29.97,3.024,55.0
JPN,5,2005,210.0,26.94,2.52,90.0
JPN,6,2005,351.067,77.07,172.023,65.0
JPN,7,2005,351.067,69.1,287.875,70.0
JPN,1,2006,1.149,0.62,0.052,308.0
JPN,2,2006,13.088,4.67,0.144,112.8
JPN,3,2006,0.0,0.0,0.0,167.4
JPN,4,2006,126.756,30.15,3.042,58.22
JPN,5,2006,208.091,26.69,2.497,91.8
JPN,6,2006,374.825,82.29,183.664,68.22
JPN,7,2006,332.392,65.42,272.561,73.22
JPN,1,2007,1.572,0.85,0.071,271.04
JPN,2,2007,15.536,5.54,0.171,106.03
JPN,3,2007,0.0,0.0,0.0,155.68
JPN,4,2007,127.517,30.33,3.06,59.93
JPN,5,2007,206.152,26.44,2.474,93.6
JPN,6,2007,398.642,87.51,195.335,69.93
JPN,7,2007,313.219,61.65,256.84,74.93
JPN,1,2008,2.151,1.17,0.097,238.52
JPN,2,2008,18.442,6.58,0.203,99.67
JPN,3,2008,0.0,0.0,0.0,144.78
JPN,4,2008,128.282,30.51,3.079,59.32
JPN,5,2008,204.182,26.19,2.45,95.4
JPN,6,2008,422.414,92.73,206.983,69.32
JPN,7,2008,293.542,57.77,240.704,74.32
JPN,1,2009,2.943,1.6,0.132,209.89
JPN,2,2009,21.893,7.81,0.241,93.69
JPN,3,2009,0.0,0.0,0.0,134.65
JPN,4,2009,129.051,30.69,3.097,56.67
JPN,5,2009,202.18,25.93,2.426,97.2
JPN,6,2009,446.003,97.91,218.541,66.67
JPN,7,2009,273.357,53.8,224.153,71.67
JPN,1,2010,4.027,2.19,0.181,184.71
JPN,2,2010,25.988,9.27,0.286,88.07
JPN,3,2010,0.0,0.0,0.0,125.22
JPN,4,2010,129.826,30.88,3.116,53.25
JPN,5,2010,200.148,25.67,2.402,99.0
JPN,6,2010,469.23,103.01,229.923,63.25
JPN,7,2010,252.662,49.73,207.183,68.25
JPN,1,2011,5.509,2.99,0.248,162.54
JPN,2,2011,30.85,11.01,0.339,82.78
JPN,3,2011,0.0,0.0,0.0,116.46
JPN,4,2011,130.605,31.06,3.135,50.64
JPN,5,2011,198.084,25.41,2.377,100.8
JPN,6,2011,491.86,107.98,241.011,60.64
JPN,7,2011,231.464,45.56,189.8,65.64
JPN,1,2012,7.538,4.1,0.339,143.04
JPN,2,2012,36.622,13.06,0.403,77.82
JPN,3,2012,0.0,0.0,0.0,108.31
JPN,4,2012,131.388,31.25,3.153,50.09
JPN,5,2012,195.987,25.14,2.352,102.6
JPN,6,2012,513.59,112.75,251.659,60.09
JPN,7,2012,209.776,41.29,172.016,65.09
JPN,1,2013,10.313,5.61,0.464,125.87
JPN,2,2013,43.473,15.51,0.478,73.15
JPN,3,2013,0.0,0.0,0.0,100.72
JPN,4,2013,132.177,31.43,3.172,51.84
JPN,5,2013,193.859,24.87,2.326,104.4
JPN,6,2013,534.021,117.23,261.67,61.84
JPN,7,2013,187.629,36.93,153.856,66.84
JPN,1,2014,14.109,7.67,0.635,110.77
JPN,2,2014,51.606,18.41,0.568,68.76
JPN,3,2014,0.0,0.0,0.0,93.67
JPN,4,2014,132.97,31.62,3.191,55.08
JPN,5,2014,191.698,24.59,2.3,106.2
JPN,6,2014,552.627,121.32,270.787,65.08
JPN,7,2014,165.07,32.49,135.357,70.08
JPN,1,2015,19.304,10.49,0.869,97.48
JPN,2,2015,61.26,21.85,0.674,64.63
JPN,3,2015,0.0,0.0,0.0,87.12
JPN,4,2015,133.767,31.81,3.21,58.28
JPN,5,2015,189.504,24.31,2.274,108.0
JPN,6,2015,568.714,124.85,278.67,68.28
JPN,7,2015,142.179,27.98,116.587,73.28
JPN,1,2016,26.411,14.36,1.188,85.78
JPN,2,2016,72.721,25.94,0.8,60.76
JPN,3,2016,0.0,0.0,0.0,81.02
JPN,4,2016,134.57,32.0,3.23,59.94
JPN,5,2016,187.277,24.02,2.247,109.8
JPN,6,2016,581.364,127.63,284.868,69.94
JPN,7,2016,119.075,23.44,97.641,74.94
JPN,1,2017,36.134,19.64,1.626,75.48
JPN,2,2017,86.325,30.8,0.95,57.11
JPN,3,2017,0.0,0.0,0.0,75.35
JPN,4,2017,135.377,32.2,3.249,59.27
JPN,5,2017,185.016,23.73,2.22,111.6
JPN,6,2017,589.351,129.38,288.782,69.27
JPN,7,2017,95.941,18.88,78.672,74.27
JPN,1,2018,49.438,26.87,2.225,66.43
JPN,2,2018,102.475,36.56,1.127,53.68
JPN,3,2018,0.0,0.0,0.0,74.0
JPN,4,2018,136.19,32.39,3.269,56.6
JPN,5,2018,182.721,23.44,2.193,113.4
JPN,6,2018,591.041,129.75,289.61,66.6
JPN,7,2018,73.05,14.38,59.901,71.6
JPN,1,2019,67.639,36.77,3.044,58.46
JPN,2,2019,121.646,43.4,1.338,50.46
JPN,3,2019,0.0,0.0,0.0,74.0
JPN,4,2019,137.007,32.58,3.288,53.17
JPN,5,2019,180.392,23.14,2.165,115.2
JPN,6,2019,584.236,128.26,286.276,63.17
JPN,7,2019,50.803,10.0,41.658,68.17
JPN,1,2020,92.541,50.3,4.164,51.44
JPN,2,2020,144.404,51.51,1.588,47.44
JPN,3,2020,0.0,0.0,0.0,74.0
JPN,4,2020,137.829,32.78,3.308,50.6
JPN,5,2020,178.029,22.83,2.136,117.0
JPN,6,2020,565.983,124.25,277.332,60.6
JPN,7,2020,29.789,5.86,24.427,65.6
JPN,1,2021,126.61,68.82,5.697,45.27
JPN,2,2021,171.419,61.15,1.886,44.59
JPN,3,2021,0.0,0.0,0.0,74.0
JPN,4,2021,138.656,32.98,3.328,50.1
JPN,5,2021,175.631,22.53,2.108,118.8
JPN,6,2021,515.992,113.28,252.836,60.1
JPN,7,2021,27.157,5.35,22.269,65.1
JPN,1,2022,173.223,94.16,7.795,39.84
JPN,2,2022,203.488,72.59,2.238,41.91
JPN,3,2022,0.0,0.0,0.0,74.0
JPN,4,2022,139.488,33.17,3.348,51.91
JPN,5,2022,173.197,22.21,2.078,120.6
JPN,6,2022,449.352,98.65,220.182,61.91
JPN,7,2022,23.65,4.65,19.393,66.91
JPN,1,2023,236.997,128.83,10.665,36.0
JPN,2,2023,241.556,86.17,2.657,39.4
JPN,3,2023,0.0,0.0,0.0,74.0
JPN,4,2023,140.325,33.37,3.368,55.17
JPN,5,2023,170.728,21.9,2.049,122.4
JPN,6,2023,360.778,79.2,176.781,65.17
JPN,7,2023,18.988,3.74,15.57,70.17
JPN,1,2024,294.097,159.87,13.234,36.0
JPN,2,2024,286.747,102.29,3.154,37.03
JPN,3,2024,0.0,0.0,0.0,74.0
JPN,4,2024,141.167,33.57,3.388,58.35
JPN,5,2024,168.224,21.58,2.019,124.2
JPN,6,2024,271.847,59.68,133.205,68.35
JPN,7,2024,14.308,2.82,11.733,73.35
BRA,1,2005,0.32,0.17,0.014,350.0
BRA,2,2005,4.2,1.5,0.046,120.0
BRA,3,2005,0.0,0.0,0.0,180.0
BRA,4,2005,240.0,57.08,5.76,55.0
BRA,5,2005,0.0,0.0,0.0,90.0
BRA,6,2005,77.74,17.07,38.093,65.0
BRA,7,2005,77.74,15.3,63.747,70.0
BRA,1,2006,0.447,0.24,0.02,308.0
BRA,2,2006,5.095,1.82,0.056,112.8
BRA,3,2006,0.0,0.0,0.0,167.4
BRA,4,2006,246.72,58.68,5.921,58.22
BRA,5,2006,0.0,0.0,0.0,91.8
BRA,6,2006,84.237,18.49,41.276,68.22
BRA,7,2006,74.701,14.7,61.255,73.22
BRA,1,2007,0.625,0.34,0.028,271.04
BRA,2,2007,6.18,2.2,0.068,106.03
BRA,3,2007,0.0,0.0,0.0,155.68
BRA,4,2007,253.628,60.32,6.087,59.93
BRA,5,2007,0.0,0.0,0.0,93.6
BRA,6,2007,90.877,19.95,44.53,69.93
BRA,7,2007,71.403,14.05,58.55,74.93
BRA,1,2008,0.874,0.48,0.039,238.52
BRA,2,2008,7.497,2.67,0.082,99.67
BRA,3,2008,0.0,0.0,0.0,144.78
BRA,4,2008,260.73,62.01,6.258,59.32
BRA,5,2008,0.0,0.0,0.0,95.4
BRA,6,2008,97.615,21.43,47.831,69.32
BRA,7,2008,67.834,13.35,55.624,74.32
BRA,1,2009,1.223,0.66,0.055,209.89
BRA,2,2009,9.094,3.24,0.1,93.69
BRA,3,2009,0.0,0.0,0.0,134.65
BRA,4,2009,268.03,63.74,6.433,56.67
BRA,5,2009,0.0,0.0,0.0,97.2
BRA,6,2009,104.39,22.92,51.151,66.67
BRA,7,2009,63.981,12.59,52.464,71.67
BRA,1,2010,1.709,0.93,0.077,184.71
BRA,2,2010,11.031,3.94,0.121,88.07
BRA,3,2010,0.0,0.0,0.0,125.22
BRA,4,2010,275.535,65.53,6.613,53.25
BRA,5,2010,0.0,0.0,0.0,99.0
BRA,6,2010,111.117,24.39,54.447,63.25
BRA,7,2010,59.832,11.78,49.062,68.25
BRA,1,2011,2.39,1.3,0.108,162.54
BRA,2,2011,13.381,4.77,0.147,82.78
BRA,3,2011,0.0,0.0,0.0,116.46
BRA,4,2011,283.25,67.36,6.798,50.64
BRA,5,2011,0.0,0.0,0.0,100.8
BRA,6,2011,117.682,25.83,57.664,60.64
BRA,7,2011,55.38,10.9,45.412,65.64
BRA,1,2012,3.341,1.82,0.15,143.04
BRA,2,2012,16.232,5.79,0.179,77.82
BRA,3,2012,0.0,0.0,0.0,108.31
BRA,4,2012,291.181,69.25,6.988,50.09
BRA,5,2012,0.0,0.0,0.0,102.6
BRA,6,2012,123.929,27.21,60.725,60.09
BRA,7,2012,50.619,9.96,41.508,65.09
BRA,1,2013,4.671,2.54,0.21,125.87
BRA,2,2013,19.69,7.02,0.217,73.15
BRA,3,2013,0.0,0.0,0.0,100.72
BRA,4,2013,299.334,71.19,7.184,51.84
BRA,5,2013,0.0,0.0,0.0,104.4
BRA,6,2013,129.644,28.46,63.526,61.84
BRA,7,2013,45.551,8.97,37.352,66.84
BRA,1,2014,6.53,3.55,0.294,110.77
BRA,2,2014,23.885,8.52,0.263,68.76
BRA,3,2014,0.0,0.0,0.0,93.67
BRA,4,2014,307.715,73.18,7.385,55.08
BRA,5,2014,0.0,0.0,0.0,106.2
BRA,6,2014,134.541,29.54,65.925,65.08
BRA,7,2014,40.187,7.91,32.953,70.08
BRA,1,2015,9.13,4.96,0.411,97.48
BRA,2,2015,28.973,10.34,0.319,64.63
BRA,3,2015,0.0,0.0,0.0,87.12
BRA,4,2015,316.331,75.23,7.592,58.28
BRA,5,2015,0.0,0.0,0.0,108.0
BRA,6,2015,138.227,30.34,67.731,68.28
BRA,7,2015,34.557,6.8,28.337,73.28
BRA,1,2016,12.764,6.94,0.574,85.78
BRA,2,2016,35.146,12.54,0.387,60.76
BRA,3,2016,0.0,0.0,0.0,81.02
BRA,4,2016,325.189,77.34,7.805,59.94
BRA,5,2016,0.0,0.0,0.0,109.8
BRA,6,2016,140.172,30.77,68.684,69.94
BRA,7,2016,28.71,5.65,23.542,74.94
BRA,1,2017,17.846,9.7,0.803,75.48
BRA,2,2017,42.633,15.21,0.469,57.11
BRA,3,2017,0.0,0.0,0.0,75.35
BRA,4,2017,334.294,79.5,8.023,59.27
BRA,5,2017,0.0,0.0,0.0,111.6
BRA,6,2017,139.65,30.66,68.428,69.27
BRA,7,2017,22.734,4.47,18.642,74.27
BRA,1,2018,24.95,13.56,1.123,66.43
BRA,2,2018,51.716,18.45,0.569,53.68
BRA,3,2018,0.0,0.0,0.0,74.0
BRA,4,2018,343.654,81.73,8.248,56.6
BRA,5,2018,0.0,0.0,0.0,113.4
BRA,6,2018,135.669,29.78,66.478,66.6
BRA,7,2018,16.768,3.3,13.75,71.6
BRA,1,2019,34.882,18.96,1.57,58.46
BRA,2,2019,62.734,22.38,0.69,50.46
BRA,3,2019,0.0,0.0,0.0,74.0
BRA,4,2019,353.277,84.02,8.479,53.17
BRA,5,2019,0.0,0.0,0.0,115.2
BRA,6,2019,126.87,27.85,62.166,63.17
BRA,7,2019,11.032,2.17,9.046,68.17
BRA,1,2020,48.767,26.51,2.195,51.44
BRA,2,2020,76.099,27.15,0.837,47.44
BRA,3,2020,0.0,0.0,0.0,74.0
BRA,4,2020,363.168,86.37,8.716,50.6
BRA,5,2020,0.0,0.0,0.0,117.0
BRA,6,2020,111.384,24.45,54.578,60.6
BRA,7,2020,5.862,1.15,4.807,65.6
BRA,1,2021,68.181,37.06,3.068,45.27
BRA,2,2021,92.311,32.93,1.015,44.59
BRA,3,2021,0.0,0.0,0.0,74.0
BRA,4,2021,373.337,88.79,8.96,50.1
BRA,5,2021,0.0,0.0,0.0,118.8
BRA,6,2021,83.98,18.44,41.15,60.1
BRA,7,2021,4.42,0.87,3.624,65.1
BRA,1,2022,95.322,51.82,4.289,39.84
BRA,2,2022,111.976,39.95,1.232,41.91
BRA,3,2022,0.0,0.0,0.0,74.0
BRA,4,2022,383.79,91.27,9.211,51.91
BRA,5,2022,0.0,0.0,0.0,120.6
BRA,6,2022,46.134,10.13,22.606,61.91
BRA,7,2022,2.428,0.48,1.991,66.91
BRA,1,2023,125.815,68.39,5.662,36.0
BRA,2,2023,128.235,45.75,1.411,39.4
BRA,3,2023,0.0,0.0,0.0,74.0
BRA,4,2023,372.472,88.58,8.939,55.17
BRA,5,2023,0.0,0.0,0.0,122.4
BRA,6,2023,29.487,6.47,14.449,65.17
BRA,7,2023,1.552,0.31,1.273,70.17
BRA,1,2024,147.753,80.32,6.649,36.0
BRA,2,2024,144.06,51.39,1.585,37.03
BRA,3,2024,0.0,0.0,0.0,74.0
BRA,4,2024,354.608,84.33,8.511,58.35
BRA,5,2024,0.0,0.0,0.0,124.2
BRA,6,2024,28.073,6.16,13.756,68.35
BRA,7,2024,1.478,0.29,1.212,73.35
CAN,1,2005,0.464,0.25,0.021,350.0
CAN,2,2005,6.09,2.17,0.067,120.0
CAN,3,2005,0.0,0.0,0.0,180.0
CAN,4,2005,348.0,82.76,8.352,55.0
CAN,5,2005,0.0,0.0,0.0,90.0
CAN,6,2005,112.723,24.75,55.234,65.0
CAN,7,2005,112.723,22.19,92.433,70.0
CAN,1,2006,0.635,0.35,0.029,308.0
CAN,2,2006,7.229,2.58,0.08,112.8
CAN,3,2006,0.0,0.0,0.0,167.4
CAN,4,2006,350.088,83.26,8.402,58.22
CAN,5,2006,0.0,0.0,0.0,91.8
CAN,6,2006,119.53,26.24,58.57,68.22
CAN,7,2006,105.998,20.86,86.918,73.22
CAN,1,2007,0.869,0.47,0.039,271.04
CAN,2,2007,8.582,3.06,0.094,106.03
CAN,3,2007,0.0,0.0,0.0,155.68
CAN,4,2007,352.189,83.76,8.453,59.93
CAN,5,2007,0.0,0.0,0.0,93.6
CAN,6,2007,126.192,27.7,61.834,69.93
CAN,7,2007,99.15,19.51,81.303,74.93
CAN,1,2008,1.188,0.65,0.053,238.52
CAN,2,2008,10.187,3.63,0.112,99.67
CAN,3,2008,0.0,0.0,0.0,144.78
CAN,4,2008,354.302,84.26,8.503,59.32
CAN,5,2008,0.0,0.0,0.0,95.4
CAN,6,2008,132.647,29.12,64.997,69.32
CAN,7,2008,92.178,18.14,75.586,74.32
CAN,1,2009,1.626,0.88,0.073,209.89
CAN,2,2009,12.093,4.31,0.133,93.69
CAN,3,2009,0.0,0.0,0.0,134.65
CAN,4,2009,356.427,84.77,8.554,56.67
CAN,5,2009,0.0,0.0,0.0,97.2
CAN,6,2009,138.818,30.47,68.021,66.67
CAN,7,2009,85.082,16.75,69.767,71.67
CAN,1,2010,2.224,1.21,0.1,184.71
CAN,2,2010,14.355,5.12,0.158,88.07
CAN,3,2010,0.0,0.0,0.0,125.22
CAN,4,2010,358.566,85.28,8.606,53.25
CAN,5,2010,0.0,0.0,0.0,99.0
CAN,6,2010,144.602,31.74,70.855,63.25
CAN,7,2010,77.862,15.32,63.847,68.25
CAN,1,2011,3.043,1.65,0.137,162.54
CAN,2,2011,17.041,6.08,0.187,82.78
CAN,3,2011,0.0,0.0,0.0,116.46
CAN,4,2011,360.717,85.79,8.657,50.64
CAN,5,2011,0.0,0.0,0.0,100.8
CAN,6,2011,149.868,32.9,73.435,60.64
CAN,7,2011,70.526,13.88,57.831,65.64
CAN,1,2012,4.164,2.26,0.187,143.04
CAN,2,2012,20.229,7.22,0.223,77.82
CAN,3,2012,0.0,0.0,0.0,108.31
CAN,4,2012,362.882,86.3,8.709,50.09
CAN,5,2012,0.0,0.0,0.0,102.6
CAN,6,2012,154.445,33.91,75.678,60.09
CAN,7,2012,63.083,12.42,51.728,65.09
CAN,1,2013,5.697,3.1,0.256,125.87
CAN,2,2013,24.014,8.57,0.264,73.15
CAN,3,2013,0.0,0.0,0.0,100.72
CAN,4,2013,365.059,86.82,8.761,51.84
CAN,5,2013,0.0,0.0,0.0,104.4
CAN,6,2013,158.11,34.71,77.474,61.84
CAN,7,2013,55.552,10.93,45.553,66.84
CAN,1,2014,7.794,4.24,0.351,110.77
CAN,2,2014,28.506,10.17,0.314,68.76
CAN,3,2014,0.0,0.0,0.0,93.67
CAN,4,2014,367.249,87.34,8.814,55.08
CAN,5,2014,0.0,0.0,0.0,106.2
CAN,6,2014,160.57,35.25,78.679,65.08
CAN,7,2014,47.963,9.44,39.33,70.08
CAN,1,2015,10.663,5.8,0.48,97.48
CAN,2,2015,33.839,12.07,0.372,64.63
CAN,3,2015,0.0,0.0,0.0,87.12
CAN,4,2015,369.453,87.86,8.867,58.28
CAN,5,2015,0.0,0.0,0.0,108.0
CAN,6,2015,161.44,35.44,79.106,68.28
CAN,7,2015,40.36,7.94,33.095,73.28
CAN,1,2016,14.589,7.93,0.657,85.78
CAN,2,2016,40.17,14.33,0.442,60.76
CAN,3,2016,0.0,0.0,0.0,81.02
CAN,4,2016,371.67,88.39,8.92,59.94
CAN,5,2016,0.0,0.0,0.0,109.8
CAN,6,2016,160.208,35.17,78.502,69.94
CAN,7,2016,32.814,6.46,26.907,74.94
CAN,1,2017,19.96,10.85,0.898,75.48
CAN,2,2017,47.684,17.01,0.525,57.11
CAN,3,2017,0.0,0.0,0.0,75.35
CAN,4,2017,373.9,88.92,8.974,59.27
CAN,5,2017,0.0,0.0,0.0,111.6
CAN,6,2017,156.195,34.29,76.536,69.27
CAN,7,2017,25.427,5.0,20.85,74.27
CAN,1,2018,27.308,14.84,1.229,66.43
CAN,2,2018,56.605,20.19,0.623,53.68
CAN,3,2018,0.0,0.0,0.0,74.0
CAN,4,2018,376.143,89.46,9.027,56.6
CAN,5,2018,0.0,0.0,0.0,113.4
CAN,6,2018,148.495,32.6,72.763,66.6
CAN,7,2018,18.353,3.61,15.049,71.6
CAN,1,2019,37.362,20.31,1.681,58.46
CAN,2,2019,67.195,23.97,0.739,50.46
CAN,3,2019,0.0,0.0,0.0,74.0
CAN,4,2019,378.4,89.99,9.082,53.17
CAN,5,2019,0.0,0.0,0.0,115.2
CAN,6,2019,135.892,29.83,66.587,63.17
CAN,7,2019,11.817,2.33,9.69,68.17
CAN,1,2020,51.118,27.79,2.3,51.44
CAN,2,2020,79.766,28.46,0.877,47.44
CAN,3,2020,0.0,0.0,0.0,74.0
CAN,4,2020,380.67,90.53,9.136,50.6
CAN,5,2020,0.0,0.0,0.0,117.0
CAN,6,2020,116.752,25.63,57.208,60.6
CAN,7,2020,6.145,1.21,5.039,65.6
CAN,1,2021,69.937,38.02,3.147,45.27
CAN,2,2021,94.688,33.78,1.042,44.59
CAN,3,2021,0.0,0.0,0.0,74.0
CAN,4,2021,382.954,91.08,9.191,50.1
CAN,5,2021,0.0,0.0,0.0,118.8
CAN,6,2021,86.143,18.91,42.21,60.1
CAN,7,2021,4.534,0.89,3.718,65.1
CAN,1,2022,95.685,52.01,4.306,39.84
CAN,2,2022,112.403,40.1,1.236,41.91
CAN,3,2022,0.0,0.0,0.0,74.0
CAN,4,2022,385.252,91.62,9.246,51.91
CAN,5,2022,0.0,0.0,0.0,120.6
CAN,6,2022,46.309,10.17,22.691,61.91
CAN,7,2022,2.437,0.48,1.998,66.91
CAN,1,2023,123.591,67.18,5.562,36.0
CAN,2,2023,125.969,44.94,1.386,39.4
CAN,3,2023,0.0,0.0,0.0,74.0
CAN,4,2023,365.888,87.02,8.781,55.17
CAN,5,2023,0.0,0.0,0.0,122.4
CAN,6,2023,28.966,6.36,14.193,65.17
CAN,7,2023,1.525,0.3,1.25,70.17
CAN,1,2024,142.036,77.21,6.392,36.0
CAN,2,2024,138.486,49.4,1.523,37.03
CAN,3,2024,0.0,0.0,0.0,74.0
CAN,4,2024,340.886,81.07,8.181,58.35
CAN,5,2024,0.0,0.0,0.0,124.2
CAN,6,2024,26.987,5.92,13.224,68.35
CAN,7,2024,1.42,0.28,1.164,73.35
AUS,1,2005,0.3,0.16,0.013,350.0
AUS,2,2005,2.625,0.94,0.029,120.0
AUS,3,2005,0.0,0.0,0.0,180.0
AUS,4,2005,30.0,7.13,0.72,55.0
AUS,5,2005,0.0,0.0,0.0,90.0
AUS,6,2005,43.415,9.53,21.273,65.0
AUS,7,2005,173.66,34.18,142.401,70.0
AUS,1,2006,0.41,0.22,0.018,308.0
AUS,2,2006,3.116,1.11,0.034,112.8
AUS,3,2006,0.0,0.0,0.0,167.4
AUS,4,2006,30.18,7.18,0.724,58.22
AUS,5,2006,0.0,0.0,0.0,91.8
AUS,6,2006,47.479,10.42,23.265,68.22
AUS,7,2006,170.314,33.52,139.657,73.22
AUS,1,2007,0.562,0.31,0.025,271.04
AUS,2,2007,3.699,1.32,0.041,106.03
AUS,3,2007,0.0,0.0,0.0,155.68
AUS,4,2007,30.361,7.22,0.729,59.93
AUS,5,2007,0.0,0.0,0.0,93.6
AUS,6,2007,51.539,11.31,25.254,69.93
AUS,7,2007,166.848,32.84,136.815,74.93
AUS,1,2008,0.768,0.42,0.035,238.52
AUS,2,2008,4.391,1.57,0.048,99.67
AUS,3,2008,0.0,0.0,0.0,144.78
AUS,4,2008,30.543,7.26,0.733,59.32
AUS,5,2008,0.0,0.0,0.0,95.4
AUS,6,2008,55.581,12.2,27.235,69.32
AUS,7,2008,163.243,32.13,133.859,74.32
AUS,1,2009,1.051,0.57,0.047,209.89
AUS,2,2009,5.213,1.86,0.057,93.69
AUS,3,2009,0.0,0.0,0.0,134.65
AUS,4,2009,30.727,7.31,0.737,56.67
AUS,5,2009,0.0,0.0,0.0,97.2
AUS,6,2009,59.585,13.08,29.197,66.67
AUS,7,2009,159.479,31.39,130.773,71.67
AUS,1,2010,1.438,0.78,0.065,184.71
AUS,2,2010,6.188,2.21,0.068,88.07
AUS,3,2010,0.0,0.0,0.0,125.22
AUS,4,2010,30.911,7.35,0.742,53.25
AUS,5,2010,0.0,0.0,0.0,99.0
AUS,6,2010,63.526,13.95,31.128,63.25
AUS,7,2010,155.528,30.61,127.533,68.25
AUS,1,2011,1.968,1.07,0.089,162.54
AUS,2,2011,7.345,2.62,0.081,82.78
AUS,3,2011,0.0,0.0,0.0,116.46
AUS,4,2011,31.096,7.4,0.746,50.64
AUS,5,2011,0.0,0.0,0.0,100.8
AUS,6,2011,67.368,14.79,33.01,60.64
AUS,7,2011,151.359,29.79,124.114,65.64
AUS,1,2012,2.692,1.46,0.121,143.04
AUS,2,2012,8.719,3.11,0.096,77.82
AUS,3,2012,0.0,0.0,0.0,108.31
AUS,4,2012,31.283,7.44,0.751,50.09
AUS,5,2012,0.0,0.0,0.0,102.6
AUS,6,2012,71.067,15.6,34.823,60.09
AUS,7,2012,146.93,28.92,120.483,65.09
AUS,1,2013,3.683,2.0,0.166,125.87
AUS,2,2013,10.351,3.69,0.114,73.15
AUS,3,2013,0.0,0.0,0.0,100.72
AUS,4,2013,31.471,7.48,0.755,51.84
AUS,5,2013,0.0,0.0,0.0,104.4
AUS,6,2013,74.562,16.37,36.535,61.84
AUS,7,2013,142.188,27.99,116.594,66.84
AUS,1,2014,5.039,2.74,0.227,110.77
AUS,2,2014,12.287,4.38,0.135,68.76
AUS,3,2014,0.0,0.0,0.0,93.67
AUS,4,2014,31.659,7.53,0.76,55.08
AUS,5,2014,0.0,0.0,0.0,106.2
AUS,6,2014,77.773,17.07,38.109,65.08
AUS,7,2014,137.07,26.98,112.397,70.08
AUS,1,2015,6.894,3.75,0.31,97.48
AUS,2,2015,14.586,5.2,0.16,64.63
AUS,3,2015,0.0,0.0,0.0,87.12
AUS,4,2015,31.849,7.57,0.764,58.28
AUS,5,2015,0.0,0.0,0.0,108.0
AUS,6,2015,80.591,17.69,39.49,68.28
AUS,7,2015,131.491,25.88,107.823,73.28
AUS,1,2016,9.433,5.13,0.424,85.78
AUS,2,2016,17.314,6.18,0.19,60.76
AUS,3,2016,0.0,0.0,0.0,81.02
AUS,4,2016,32.04,7.62,0.769,59.94
AUS,5,2016,0.0,0.0,0.0,109.8
AUS,6,2016,82.87,18.19,40.606,69.94
AUS,7,2016,125.346,24.67,102.784,74.94
AUS,1,2017,12.905,7.02,0.581,75.48
AUS,2,2017,20.554,7.33,0.226,57.11
AUS,3,2017,0.0,0.0,0.0,75.35
AUS,4,2017,32.233,7.67,0.774,59.27
AUS,5,2017,0.0,0.0,0.0,111.6
AUS,6,2017,84.412,18.53,41.362,69.27
AUS,7,2017,118.502,23.32,97.172,74.27
AUS,1,2018,17.656,9.6,0.795,66.43
AUS,2,2018,24.399,8.7,0.268,53.68
AUS,3,2018,0.0,0.0,0.0,74.0
AUS,4,2018,32.426,7.71,0.778,56.6
AUS,5,2018,0.0,0.0,0.0,113.4
AUS,6,2018,84.95,18.65,41.626,66.6
AUS,7,2018,110.787,21.81,90.845,71.6
AUS,1,2019,24.157,13.13,1.087,58.46
AUS,2,2019,28.963,10.33,0.319,50.46
AUS,3,2019,0.0,0.0,0.0,74.0
AUS,4,2019,32.621,7.76,0.783,53.17
AUS,5,2019,0.0,0.0,0.0,115.2
AUS,6,2019,84.116,18.47,41.217,63.17
AUS,7,2019,101.982,20.07,83.625,68.17
AUS,1,2020,33.05,17.97,1.487,51.44
AUS,2,2020,34.382,12.27,0.378,47.44
AUS,3,2020,0.0,0.0,0.0,74.0
AUS,4,2020,32.816,7.8,0.788,50.6
AUS,5,2020,0.0,0.0,0.0,117.0
AUS,6,2020,81.414,17.87,39.893,60.6
AUS,7,2020,91.807,18.07,75.282,65.6
AUS,1,2021,45.218,24.58,2.035,45.27
AUS,2,2021,40.814,14.56,0.449,44.59
AUS,3,2021,0.0,0.0,0.0,74.0
AUS,4,2021,33.013,7.85,0.792,50.1
AUS,5,2021,0.0,0.0,0.0,118.8
AUS,6,2021,76.16,16.72,37.318,60.1
AUS,7,2021,79.906,15.73,65.523,65.1
AUS,1,2022,61.865,33.63,2.784,39.84
AUS,2,2022,48.449,17.28,0.533,41.91
AUS,3,2022,0.0,0.0,0.0,74.0
AUS,4,2022,33.211,7.9,0.797,51.91
AUS,5,2022,0.0,0.0,0.0,120.6
AUS,6,2022,67.417,14.8,33.034,61.91
AUS,7,2022,65.818,12.95,53.971,66.91
AUS,1,2023,69.606,37.84,3.132,36.0
AUS,2,2023,57.513,20.52,0.633,39.4
AUS,3,2023,0.0,0.0,0.0,74.0
AUS,4,2023,33.411,7.95,0.802,55.17
AUS,5,2023,0.0,0.0,0.0,122.4
AUS,6,2023,61.776,13.56,30.27,65.17
AUS,7,2023,56.117,11.04,46.016,70.17
AUS,1,2024,70.023,38.06,3.151,36.0
AUS,2,2024,68.273,24.36,0.751,37.03
AUS,3,2024,0.0,0.0,0.0,74.0
AUS,4,2024,33.611,7.99,0.807,58.35
AUS,5,2024,0.0,0.0,0.0,124.2
AUS,6,2024,58.636,12.87,28.732,68.35
AUS,7,2024,49.549,9.75,40.63,73.35
NOR,1,2005,0.104,0.06,0.005,350.0
NOR,2,2005,1.365,0.49,0.015,120.0
NOR,3,2005,0.0,0.0,0.0,180.0
NOR,4,2005,78.0,18.55,1.872,55.0
NOR,5,2005,0.0,0.0,0.0,90.0
NOR,6,2005,25.266,5.55,12.38,65.0
NOR,7,2005,25.266,4.97,20.718,70.0
NOR,1,2006,0.142,0.08,0.006,308.0
NOR,2,2006,1.62,0.58,0.018,112.8
NOR,3,2006,0.0,0.0,0.0,167.4
NOR,4,2006,78.468,18.66,1.883,58.22
NOR,5,2006,0.0,0.0,0.0,91.8
NOR,6,2006,26.791,5.88,13.128,68.22
NOR,7,2006,23.758,4.68,19.482,73.22
NOR,1,2007,0.195,0.11,0.009,271.04
NOR,2,2007,1.924,0.69,0.021,106.03
NOR,3,2007,0.0,0.0,0.0,155.68
NOR,4,2007,78.939,18.77,1.895,59.93
NOR,5,2007,0.0,0.0,0.0,93.6
NOR,6,2007,28.284,6.21,13.859,69.93
NOR,7,2007,22.223,4.37,18.223,74.93
NOR,1,2008,0.266,0.14,0.012,238.52
NOR,2,2008,2.283,0.81,0.025,99.67
NOR,3,2008,0.0,0.0,0.0,144.78
NOR,4,2008,79.412,18.89,1.906,59.32
NOR,5,2008,0.0,0.0,0.0,95.4
NOR,6,2008,29.731,6.53,14.568,69.32
NOR,7,2008,20.661,4.07,16.942,74.32
NOR,1,2009,0.364,0.2,0.016,209.89
NOR,2,2009,2.711,0.97,0.03,93.69
NOR,3,2009,0.0,0.0,0.0,134.65
NOR,4,2009,79.889,19.0,1.917,56.67
NOR,5,2009,0.0,0.0,0.0,97.2
NOR,6,2009,31.114,6.83,15.246,66.67
NOR,7,2009,19.07,3.75,15.637,71.67
NOR,1,2010,0.499,0.27,0.022,184.71
NOR,2,2010,3.218,1.15,0.035,88.07
NOR,3,2010,0.0,0.0,0.0,125.22
NOR,4,2010,80.368,19.11,1.929,53.25
NOR,5,2010,0.0,0.0,0.0,99.0
NOR,6,2010,32.411,7.12,15.881,63.25
NOR,7,2010,17.452,3.43,14.311,68.25
NOR,1,2011,0.682,0.37,0.031,162.54
NOR,2,2011,3.82,1.36,0.042,82.78
NOR,3,2011,0.0,0.0,0.0,116.46
NOR,4,2011,80.85,19.23,1.94,50.64
NOR,5,2011,0.0,0.0,0.0,100.8
NOR,6,2011,33.591,7.37,16.46,60.64
NOR,7,2011,15.808,3.11,12.963,65.64
NOR,1,2012,0.933,0.51,0.042,143.04
NOR,2,2012,4.534,1.62,0.05,77.82
NOR,3,2012,0.0,0.0,0.0,108.31
NOR,4,2012,81.336,19.34,1.952,50.09
NOR,5,2012,0.0,0.0,0.0,102.6
NOR,6,2012,34.617,7.6,16.962,60.09
NOR,7,2012,14.139,2.78,11.594,65.09
NOR,1,2013,1.277,0.69,0.057,125.87
NOR,2,2013,5.382,1.92,0.059,73.15
NOR,3,2013,0.0,0.0,0.0,100.72
NOR,4,2013,81.824,19.46,1.964,51.84
NOR,5,2013,0.0,0.0,0.0,104.4
NOR,6,2013,35.439,7.78,17.365,61.84
NOR,7,2013,12.451,2.45,10.21,66.84
NOR,1,2014,1.747,0.95,0.079,110.77
NOR,2,2014,6.389,2.28,0.07,68.76
NOR,3,2014,0.0,0.0,0.0,93.67
NOR,4,2014,82.315,19.58,1.976,55.08
NOR,5,2014,0.0,0.0,0.0,106.2
NOR,6,2014,35.99,7.9,17.635,65.08
NOR,7,2014,10.75,2.12,8.815,70.08
NOR,1,2015,2.39,1.3,0.108,97.48
NOR,2,2015,7.585,2.71,0.083,64.63
NOR,3,2015,0.0,0.0,0.0,87.12
NOR,4,2015,82.808,19.69,1.987,58.28
NOR,5,2015,0.0,0.0,0.0,108.0
NOR,6,2015,36.185,7.94,17.731,68.28
NOR,7,2015,9.046,1.78,7.418,73.28
NOR,1,2016,3.27,1.78,0.147,85.78
NOR,2,2016,9.004,3.21,0.099,60.76
NOR,3,2016,0.0,0.0,0.0,81.02
NOR,4,2016,83.305,19.81,1.999,59.94
NOR,5,2016,0.0,0.0,0.0,109.8
NOR,6,2016,35.909,7.88,17.595,69.94
NOR,7,2016,7.355,1.45,6.031,74.94
NOR,1,2017,4.474,2.43,0.201,75.48
NOR,2,2017,10.688,3.81,0.118,57.11
NOR,3,2017,0.0,0.0,0.0,75.35
NOR,4,2017,83.805,19.93,2.011,59.27
NOR,5,2017,0.0,0.0,0.0,111.6
NOR,6,2017,35.009,7.69,17.154,69.27
NOR,7,2017,5.699,1.12,4.673,74.27
NOR,1,2018,6.121,3.33,0.275,66.43
NOR,2,2018,12.687,4.53,0.14,53.68
NOR,3,2018,0.0,0.0,0.0,74.0
NOR,4,2018,84.308,20.05,2.023,56.6
NOR,5,2018,0.0,0.0,0.0,113.4
NOR,6,2018,33.283,7.31,16.309,66.6
NOR,7,2018,4.114,0.81,3.373,71.6
NOR,1,2019,8.374,4.55,0.377,58.46
NOR,2,2019,15.061,5.37,0.166,50.46
NOR,3,2019,0.0,0.0,0.0,74.0
NOR,4,2019,84.814,20.17,2.036,53.17
NOR,5,2019,0.0,0.0,0.0,115.2
NOR,6,2019,30.459,6.69,14.925,63.17
NOR,7,2019,2.649,0.52,2.172,68.17
NOR,1,2020,11.457,6.23,0.516,51.44
NOR,2,2020,17.879,6.38,0.197,47.44
NOR,3,2020,0.0,0.0,0.0,74.0
NOR,4,2020,85.323,20.29,2.048,50.6
NOR,5,2020,0.0,0.0,0.0,117.0
NOR,6,2020,26.169,5.74,12.823,60.6
NOR,7,2020,1.377,0.27,1.129,65.6
NOR,1,2021,15.676,8.52,0.705,45.27
NOR,2,2021,21.223,7.57,0.233,44.59
NOR,3,2021,0.0,0.0,0.0,74.0
NOR,4,2021,85.835,20.41,2.06,50.1
NOR,5,2021,0.0,0.0,0.0,118.8
NOR,6,2021,19.308,4.24,9.461,60.1
NOR,7,2021,1.016,0.2,0.833,65.1
NOR,1,2022,21.447,11.66,0.965,39.84
NOR,2,2022,25.194,8.99,0.277,41.91
NOR,3,2022,0.0,0.0,0.0,74.0
NOR,4,2022,86.35,20.54,2.072,51.91
NOR,5,2022,0.0,0.0,0.0,120.6
NOR,6,2022,10.38,2.28,5.086,61.91
NOR,7,2022,0.546,0.11,0.448,66.91
NOR,1,2023,27.701,15.06,1.247,36.0
NOR,2,2023,28.234,10.07,0.311,39.4
NOR,3,2023,0.0,0.0,0.0,74.0
NOR,4,2023,82.009,19.5,1.968,55.17
NOR,5,2023,0.0,0.0,0.0,122.4
NOR,6,2023,6.492,1.43,3.181,65.17
NOR,7,2023,0.342,0.07,0.28,70.17
NOR,1,2024,31.836,17.31,1.433,36.0
NOR,2,2024,31.04,11.07,0.341,37.03
NOR,3,2024,0.0,0.0,0.0,74.0
NOR,4,2024,76.405,18.17,1.834,58.35
NOR,5,2024,0.0,0.0,0.0,124.2
NOR,6,2024,6.049,1.33,2.964,68.35
NOR,7,2024,0.318,0.06,0.261,73.35
ESP,1,2005,0.348,0.19,0.016,350.0
ESP,2,2005,6.525,2.33,0.072,120.0
ESP,3,2005,0.0,0.0,0.0,180.0
ESP,4,2005,34.8,8.28,0.835,55.0
ESP,5,2005,0.0,0.0,0.0,90.0
ESP,6,2005,124.164,27.26,60.84,65.0
ESP,7,2005,124.164,24.44,101.814,70.0
ESP,1,2006,0.476,0.26,0.021,308.0
ESP,2,2006,7.746,2.76,0.085,112.8
ESP,3,2006,0.0,0.0,0.0,167.4
ESP,4,2006,35.009,8.33,0.84,58.22
ESP,5,2006,0.0,0.0,0.0,91.8
ESP,6,2006,131.71,28.91,64.538,68.22
ESP,7,2006,116.799,22.99,95.775,73.22
ESP,1,2007,0.651,0.35,0.029,271.04
ESP,2,2007,9.195,3.28,0.101,106.03
ESP,3,2007,0.0,0.0,0.0,155.68
ESP,4,2007,35.219,8.38,0.845,59.93
ESP,5,2007,0.0,0.0,0.0,93.6
ESP,6,2007,139.118,30.54,68.168,69.93
ESP,7,2007,109.307,21.51,89.632,74.93
ESP,1,2008,0.891,0.48,0.04,238.52
ESP,2,2008,10.915,3.89,0.12,99.67
ESP,3,2008,0.0,0.0,0.0,144.78
ESP,4,2008,35.43,8.43,0.85,59.32
ESP,5,2008,0.0,0.0,0.0,95.4
ESP,6,2008,146.329,32.12,71.701,69.32
ESP,7,2008,101.686,20.01,83.383,74.32
ESP,1,2009,1.219,0.66,0.055,209.89
ESP,2,2009,12.957,4.62,0.143,93.69
ESP,3,2009,0.0,0.0,0.0,134.65
ESP,4,2009,35.643,8.48,0.855,56.67
ESP,5,2009,0.0,0.0,0.0,97.2
ESP,6,2009,153.266,33.65,75.1,66.67
ESP,7,2009,93.937,18.49,77.028,71.67
ESP,1,2010,1.668,0.91,0.075,184.71
ESP,2,2010,15.381,5.49,0.169,88.07
ESP,3,2010,0.0,0.0,0.0,125.22
ESP,4,2010,35.857,8.53,0.861,53.25
ESP,5,2010,0.0,0.0,0.0,99.0
ESP,6,2010,159.835,35.09,78.319,63.25
ESP,7,2010,86.065,16.94,70.573,68.25
ESP,1,2011,2.282,1.24,0.103,162.54
ESP,2,2011,18.258,6.51,0.201,82.78
ESP,3,2011,0.0,0.0,0.0,116.46
ESP,4,2011,36.072,8.58,0.866,50.64
ESP,5,2011,0.0,0.0,0.0,100.8
ESP,6,2011,165.91,36.42,81.296,60.64
ESP,7,2011,78.075,15.37,64.022,65.64
ESP,1,2012,3.123,1.7,0.141,143.04
ESP,2,2012,21.674,7.73,0.238,77.82
ESP,3,2012,0.0,0.0,0.0,108.31
ESP,4,2012,36.288,8.63,0.871,50.09
ESP,5,2012,0.0,0.0,0.0,102.6
ESP,6,2012,171.335,37.61,83.954,60.09
ESP,7,2012,69.982,13.77,57.385,65.09
ESP,1,2013,4.272,2.32,0.192,125.87
ESP,2,2013,25.729,9.18,0.283,73.15
ESP,3,2013,0.0,0.0,0.0,100.72
ESP,4,2013,36.506,8.68,0.876,51.84
ESP,5,2013,0.0,0.0,0.0,104.4
ESP,6,2013,175.904,38.62,86.193,61.84
ESP,7,2013,61.804,12.16,50.679,66.84
ESP,1,2014,5.845,3.18,0.263,110.77
ESP,2,2014,30.542,10.9,0.336,68.76
ESP,3,2014,0.0,0.0,0.0,93.67
ESP,4,2014,36.725,8.73,0.881,55.08
ESP,5,2014,0.0,0.0,0.0,106.2
ESP,6,2014,179.355,39.37,87.884,65.08
ESP,7,2014,53.574,10.54,43.931,70.08
ESP,1,2015,7.997,4.35,0.36,97.48
ESP,2,2015,36.256,12.93,0.399,64.63
ESP,3,2015,0.0,0.0,0.0,87.12
ESP,4,2015,36.945,8.79,0.887,58.28
ESP,5,2015,0.0,0.0,0.0,108.0
ESP,6,2015,181.343,39.81,88.858,68.28
ESP,7,2015,45.336,8.92,37.176,73.28
ESP,1,2016,10.942,5.95,0.492,85.78
ESP,2,2016,43.039,15.35,0.473,60.76
ESP,3,2016,0.0,0.0,0.0,81.02
ESP,4,2016,37.167,8.84,0.892,59.94
ESP,5,2016,0.0,0.0,0.0,109.8
ESP,6,2016,181.419,39.83,88.895,69.94
ESP,7,2016,37.158,7.31,30.47,74.94
ESP,1,2017,14.97,8.14,0.674,75.48
ESP,2,2017,51.091,18.23,0.562,57.11
ESP,3,2017,0.0,0.0,0.0,75.35
ESP,4,2017,37.39,8.89,0.897,59.27
ESP,5,2017,0.0,0.0,0.0,111.6
ESP,6,2017,178.994,39.29,87.707,69.27
ESP,7,2017,29.139,5.74,23.894,74.27
ESP,1,2018,20.481,11.13,0.922,66.43
ESP,2,2018,60.649,21.64,0.667,53.68
ESP,3,2018,0.0,0.0,0.0,74.0
ESP,4,2018,37.614,8.95,0.903,56.6
ESP,5,2018,0.0,0.0,0.0,113.4
ESP,6,2018,173.29,38.04,84.912,66.6
ESP,7,2018,21.418,4.22,17.563,71.6
ESP,1,2019,28.022,15.23,1.261,58.46
ESP,2,2019,71.995,25.68,0.792,50.46
ESP,3,2019,0.0,0.0,0.0,74.0
ESP,4,2019,37.84,9.0,0.908,53.17
ESP,5,2019,0.0,0.0,0.0,115.2
ESP,6,2019,163.279,35.84,80.007,63.17
ESP,7,2019,14.198,2.79,11.642,68.17
ESP,1,2020,38.338,20.84,1.725,51.44
ESP,2,2020,85.463,30.49,0.94,47.44
ESP,3,2020,0.0,0.0,0.0,74.0
ESP,4,2020,38.067,9.05,0.914,50.6
ESP,5,2020,0.0,0.0,0.0,117.0
ESP,6,2020,147.589,32.4,72.319,60.6
ESP,7,2020,7.768,1.53,6.37,65.6
ESP,1,2021,52.453,28.51,2.36,45.27
ESP,2,2021,95.739,34.15,1.053,44.59
ESP,3,2021,0.0,0.0,0.0,74.0
ESP,4,2021,38.295,9.11,0.919,50.1
ESP,5,2021,0.0,0.0,0.0,118.8
ESP,6,2021,126.01,27.66,61.745,60.1
ESP,7,2021,6.632,1.31,5.438,65.1
ESP,1,2022,71.764,39.01,3.229,39.84
ESP,2,2022,96.313,34.36,1.059,41.91
ESP,3,2022,0.0,0.0,0.0,74.0
ESP,4,2022,38.525,9.16,0.925,51.91
ESP,5,2022,0.0,0.0,0.0,120.6
ESP,6,2022,108.719,23.87,53.272,61.91
ESP,7,2022,5.722,1.13,4.692,66.91
ESP,1,2023,80.742,43.89,3.633,36.0
ESP,2,2023,96.891,34.56,1.066,39.4
ESP,3,2023,0.0,0.0,0.0,74.0
ESP,4,2023,38.756,9.22,0.93,55.17
ESP,5,2023,0.0,0.0,0.0,122.4
ESP,6,2023,101.251,22.23,49.613,65.17
ESP,7,2023,5.329,1.05,4.37,70.17
ESP,1,2024,81.227,44.15,3.655,36.0
ESP,2,2024,97.472,34.77,1.072,37.03
ESP,3,2024,0.0,0.0,0.0,74.0
ESP,4,2024,38.989,9.27,0.936,58.35
ESP,5,2024,0.0,0.0,0.0,124.2
ESP,6,2024,101.858,22.36,49.91,68.35
ESP,7,2024,5.361,1.06,4.396,73.35
ITA,1,2005,0.264,0.14,0.012,350.0
ITA,2,2005,3.465,1.24,0.038,120.0
ITA,3,2005,0.0,0.0,0.0,180.0
ITA,4,2005,39.6,9.42,0.95,55.0
ITA,5,2005,0.0,0.0,0.0,90.0
ITA,6,2005,143.335,31.47,70.234,65.0
ITA,7,2005,143.335,28.21,117.535,70.0
ITA,1,2006,0.361,0.2,0.016,308.0
ITA,2,2006,4.113,1.47,0.045,112.8
ITA,3,2006,0.0,0.0,0.0,167.4
ITA,4,2006,39.838,9.47,0.956,58.22
ITA,5,2006,0.0,0.0,0.0,91.8
ITA,6,2006,152.464,33.47,74.707,68.22
ITA,7,2006,135.204,26.61,110.867,73.22
ITA,1,2007,0.494,0.27,0.022,271.04
ITA,2,2007,4.883,1.74,0.054,106.03
ITA,3,2007,0.0,0.0,0.0,155.68
ITA,4,2007,40.077,9.53,0.962,59.93
ITA,5,2007,0.0,0.0,0.0,93.6
ITA,6,2007,161.57,35.47,79.169,69.93
ITA,7,2007,126.948,24.99,104.097,74.93
ITA,1,2008,0.676,0.37,0.03,238.52
ITA,2,2008,5.796,2.07,0.064,99.67
ITA,3,2008,0.0,0.0,0.0,144.78
ITA,4,2008,40.317,9.59,0.968,59.32
ITA,5,2008,0.0,0.0,0.0,95.4
ITA,6,2008,170.62,37.46,83.604,69.32
ITA,7,2008,118.566,23.34,97.224,74.32
ITA,1,2009,0.925,0.5,0.042,209.89
ITA,2,2009,6.881,2.45,0.076,93.69
ITA,3,2009,0.0,0.0,0.0,134.65
ITA,4,2009,40.559,9.65,0.973,56.67
ITA,5,2009,0.0,0.0,0.0,97.2
ITA,6,2009,179.569,39.42,87.989,66.67
ITA,7,2009,110.058,21.66,90.248,71.67
ITA,1,2010,1.266,0.69,0.057,184.71
ITA,2,2010,8.168,2.91,0.09,88.07
ITA,3,2010,0.0,0.0,0.0,125.22
ITA,4,2010,40.802,9.7,0.979,53.25
ITA,5,2010,0.0,0.0,0.0,99.0
ITA,6,2010,188.359,41.35,92.296,63.25
ITA,7,2010,101.424,19.96,83.168,68.25
ITA,1,2011,1.732,0.94,0.078,162.54
ITA,2,2011,9.696,3.46,0.107,82.78
ITA,3,2011,0.0,0.0,0.0,116.46
ITA,4,2011,41.047,9.76,0.985,50.64
ITA,5,2011,0.0,0.0,0.0,100.8
ITA,6,2011,196.918,43.23,96.49,60.64
ITA,7,2011,92.667,18.24,75.987,65.64
ITA,1,2012,2.369,1.29,0.107,143.04
ITA,2,2012,11.51,4.11,0.127,77.82
ITA,3,2012,0.0,0.0,0.0,108.31
ITA,4,2012,41.293,9.82,0.991,50.09
ITA,5,2012,0.0,0.0,0.0,102.6
ITA,6,2012,205.147,45.04,100.522,60.09
ITA,7,2012,83.793,16.49,68.71,65.09
ITA,1,2013,3.241,1.76,0.146,125.87
ITA,2,2013,13.663,4.87,0.15,73.15
ITA,3,2013,0.0,0.0,0.0,100.72
ITA,4,2013,41.541,9.88,0.997,51.84
ITA,5,2013,0.0,0.0,0.0,104.4
ITA,6,2013,212.921,46.74,104.331,61.84
ITA,7,2013,74.81,14.72,61.344,66.84
ITA,1,2014,4.434,2.41,0.2,110.77
ITA,2,2014,16.219,5.79,0.178,68.76
ITA,3,2014,0.0,0.0,0.0,93.67
ITA,4,2014,41.79,9.94,1.003,55.08
ITA,5,2014,0.0,0.0,0.0,106.2
ITA,6,2014,220.074,48.31,107.836,65.08
ITA,7,2014,65.736,12.94,53.904,70.08
ITA,1,2015,6.067,3.3,0.273,97.48
ITA,2,2015,19.253,6.87,0.212,64.63
ITA,3,2015,0.0,0.0,0.0,87.12
ITA,4,2015,42.041,10.0,1.009,58.28
ITA,5,2015,0.0,0.0,0.0,108.0
ITA,6,2015,226.385,49.7,110.929,68.28
ITA,7,2015,56.596,11.14,46.409,73.28
ITA,1,2016,8.301,4.51,0.374,85.78
ITA,2,2016,22.855,8.15,0.251,60.76
ITA,3,2016,0.0,0.0,0.0,81.02
ITA,4,2016,42.293,10.06,1.015,59.94
ITA,5,2016,0.0,0.0,0.0,109.8
ITA,6,2016,231.567,50.84,113.468,69.94
ITA,7,2016,47.429,9.33,38.892,74.94
ITA,1,2017,11.357,6.17,0.511,75.48
ITA,2,2017,27.131,9.68,0.298,57.11
ITA,3,2017,0.0,0.0,0.0,75.35
ITA,4,2017,42.547,10.12,1.021,59.27
ITA,5,2017,0.0,0.0,0.0,111.6
ITA,6,2017,235.232,51.64,115.264,69.27
ITA,7,2017,38.294,7.54,31.401,74.27
ITA,1,2018,15.538,8.45,0.699,66.43
ITA,2,2018,32.206,11.49,0.354,53.68
ITA,3,2018,0.0,0.0,0.0,74.0
ITA,4,2018,42.802,10.18,1.027,56.6
ITA,5,2018,0.0,0.0,0.0,113.4
ITA,6,2018,236.865,52.0,116.064,66.6
ITA,7,2018,29.275,5.76,24.006,71.6
ITA,1,2019,21.258,11.56,0.957,58.46
ITA,2,2019,38.232,13.64,0.421,50.46
ITA,3,2019,0.0,0.0,0.0,74.0
ITA,4,2019,43.059,10.24,1.033,53.17
ITA,5,2019,0.0,0.0,0.0,115.2
ITA,6,2019,235.776,51.76,115.53,63.17
ITA,7,2019,20.502,4.04,16.812,68.17
ITA,1,2020,29.084,15.81,1.309,51.44
ITA,2,2020,45.384,16.19,0.499,47.44
ITA,3,2020,0.0,0.0,0.0,74.0
ITA,4,2020,43.318,10.3,1.04,50.6
ITA,5,2020,0.0,0.0,0.0,117.0
ITA,6,2020,231.035,50.72,113.207,60.6
ITA,7,2020,12.16,2.39,9.971,65.6
ITA,1,2021,39.792,21.63,1.791,45.27
ITA,2,2021,53.874,19.22,0.593,44.59
ITA,3,2021,0.0,0.0,0.0,74.0
ITA,4,2021,43.578,10.36,1.046,50.1
ITA,5,2021,0.0,0.0,0.0,118.8
ITA,6,2021,214.607,47.11,105.157,60.1
ITA,7,2021,11.295,2.22,9.262,65.1
ITA,1,2022,54.442,29.59,2.45,39.84
ITA,2,2022,63.953,22.81,0.703,41.91
ITA,3,2022,0.0,0.0,0.0,74.0
ITA,4,2022,43.839,10.43,1.052,51.91
ITA,5,2022,0.0,0.0,0.0,120.6
ITA,6,2022,192.937,42.36,94.539,61.91
ITA,7,2022,10.155,2.0,8.327,66.91
ITA,1,2023,74.485,40.49,3.352,36.0
ITA,2,2023,75.918,27.08,0.835,39.4
ITA,3,2023,0.0,0.0,0.0,74.0
ITA,4,2023,44.102,10.49,1.058,55.17
ITA,5,2023,0.0,0.0,0.0,122.4
ITA,6,2023,164.362,36.08,80.537,65.17
ITA,7,2023,8.651,1.7,7.094,70.17
ITA,1,2024,92.431,50.25,4.159,36.0
ITA,2,2024,90.12,32.15,0.991,37.03
ITA,3,2024,0.0,0.0,0.0,74.0
ITA,4,2024,44.367,10.55,1.065,58.35
ITA,5,2024,0.0,0.0,0.0,124.2
ITA,6,2024,135.664,29.78,66.475,68.35
ITA,7,2024,7.14,1.41,5.855,73.35
NLD,1,2005,0.12,0.07,0.005,350.0
NLD,2,2005,1.575,0.56,0.017,120.0
NLD,3,2005,0.3,0.08,0.004,180.0
NLD,4,2005,18.0,4.28,0.432,55.0
NLD,5,2005,0.0,0.0,0.0,90.0
NLD,6,2005,65.002,14.27,31.851,65.0
NLD,7,2005,65.002,12.79,53.302,70.0
NLD,1,2006,0.164,0.09,0.007,308.0
NLD,2,2006,1.87,0.67,0.021,112.8
NLD,3,2006,0.377,0.1,0.005,167.4
NLD,4,2006,18.108,4.31,0.435,58.22
NLD,5,2006,0.0,0.0,0.0,91.8
NLD,6,2006,69.102,15.17,33.86,68.22
NLD,7,2006,61.279,12.06,50.249,73.22
NLD,1,2007,0.225,0.12,0.01,271.04
NLD,2,2007,2.219,0.79,0.024,106.03
NLD,3,2007,0.474,0.12,0.006,155.68
NLD,4,2007,18.217,4.33,0.437,59.93
NLD,5,2007,0.0,0.0,0.0,93.6
NLD,6,2007,73.175,16.06,35.856,69.93
NLD,7,2007,57.495,11.32,47.146,74.93
NLD,1,2008,0.307,0.17,0.014,238.52
NLD,2,2008,2.635,0.94,0.029,99.67
NLD,3,2008,0.597,0.15,0.007,144.78
NLD,4,2008,18.326,4.36,0.44,59.32
NLD,5,2008,0.0,0.0,0.0,95.4
NLD,6,2008,77.203,16.95,37.829,69.32
NLD,7,2008,53.649,10.56,43.992,74.32
NLD,1,2009,0.42,0.23,0.019,209.89
NLD,2,2009,3.128,1.12,0.034,93.69
NLD,3,2009,0.75,0.19,0.009,134.65
NLD,4,2009,18.436,4.38,0.442,56.67
NLD,5,2009,0.0,0.0,0.0,97.2
NLD,6,2009,81.157,17.82,39.767,66.67
NLD,7,2009,49.741,9.79,40.788,71.67
NLD,1,2010,0.575,0.31,0.026,184.71
NLD,2,2010,3.713,1.32,0.041,88.07
NLD,3,2010,0.943,0.24,0.011,125.22
NLD,4,2010,18.547,4.41,0.445,53.25
NLD,5,2010,0.0,0.0,0.0,99.0
NLD,6,2010,85.005,18.66,41.652,63.25
NLD,7,2010,45.772,9.01,37.533,68.25
NLD,1,2011,0.787,0.43,0.035,162.54
NLD,2,2011,4.407,1.57,0.048,82.78
NLD,3,2011,1.186,0.31,0.014,116.46
NLD,4,2011,18.658,4.44,0.448,50.64
NLD,5,2011,0.0,0.0,0.0,100.8
NLD,6,2011,88.702,19.47,43.464,60.64
NLD,7,2011,41.742,8.22,34.228,65.64
NLD,1,2012,1.077,0.59,0.048,143.04
NLD,2,2012,5.232,1.87,0.058,77.82
NLD,3,2012,1.492,0.39,0.018,108.31
NLD,4,2012,18.77,4.46,0.45,50.09
NLD,5,2012,0.0,0.0,0.0,102.6
NLD,6,2012,92.19,20.24,45.173,60.09
NLD,7,2012,37.655,7.41,30.877,65.09
NLD,1,2013,1.473,0.8,0.066,125.87
NLD,2,2013,6.21,2.22,0.068,73.15
NLD,3,2013,1.876,0.49,0.023,100.72
NLD,4,2013,18.882,4.49,0.453,51.84
NLD,5,2013,0.0,0.0,0.0,104.4
NLD,6,2013,95.394,20.94,46.743,61.84
NLD,7,2013,33.517,6.6,27.484,66.84
NLD,1,2014,2.016,1.1,0.091,110.77
NLD,2,2014,7.372,2.63,0.081,68.76
NLD,3,2014,2.359,0.61,0.028,93.67
NLD,4,2014,18.996,4.52,0.456,55.08
NLD,5,2014,0.0,0.0,0.0,106.2
NLD,6,2014,98.217,21.56,48.126,65.08
NLD,7,2014,29.338,5.77,24.057,70.08
NLD,1,2015,2.758,1.5,0.124,97.48
NLD,2,2015,8.751,3.12,0.096,64.63
NLD,3,2015,2.966,0.77,0.036,87.12
NLD,4,2015,19.11,4.54,0.459,58.28
NLD,5,2015,0.0,0.0,0.0,108.0
NLD,6,2015,100.53,22.07,49.26,68.28
NLD,7,2015,25.132,4.95,20.608,73.28
NLD,1,2016,3.773,2.05,0.17,85.78
NLD,2,2016,10.389,3.71,0.114,60.76
NLD,3,2016,3.73,0.97,0.045,81.02
NLD,4,2016,19.224,4.57,0.461,59.94
NLD,5,2016,0.0,0.0,0.0,109.8
NLD,6,2016,102.162,22.43,50.059,69.94
NLD,7,2016,20.925,4.12,17.159,74.94
NLD,1,2017,5.162,2.81,0.232,75.48
NLD,2,2017,12.332,4.4,0.136,57.11
NLD,3,2017,4.69,1.22,0.056,75.35
NLD,4,2017,19.34,4.6,0.464,59.27
NLD,5,2017,0.0,0.0,0.0,111.6
NLD,6,2017,102.89,22.59,50.416,69.27
NLD,7,2017,16.749,3.3,13.734,74.27
NLD,1,2018,7.063,3.84,0.318,66.43
NLD,2,2018,14.639,5.22,0.161,53.68
NLD,3,2018,5.898,1.53,0.071,74.0
NLD,4,2018,19.456,4.63,0.467,56.6
NLD,5,2018,0.0,0.0,0.0,113.4
NLD,6,2018,102.417,22.48,50.184,66.6
NLD,7,2018,12.658,2.49,10.38,71.6
NLD,1,2019,9.663,5.25,0.435,58.46
NLD,2,2019,17.378,6.2,0.191,50.46
NLD,3,2019,7.417,1.92,0.089,74.0
NLD,4,2019,19.572,4.65,0.47,53.17
NLD,5,2019,0.0,0.0,0.0,115.2
NLD,6,2019,100.347,22.03,49.17,63.17
NLD,7,2019,8.726,1.72,7.155,68.17
NLD,1,2020,13.22,7.19,0.595,51.44
NLD,2,2020,20.629,7.36,0.227,47.44
NLD,3,2020,9.327,2.42,0.112,74.0
NLD,4,2020,19.69,4.68,0.473,50.6
NLD,5,2020,0.0,0.0,0.0,117.0
NLD,6,2020,96.155,21.11,47.116,60.6
NLD,7,2020,5.061,1.0,4.15,65.6
NLD,1,2021,18.087,9.83,0.814,45.27
NLD,2,2021,24.488,8.74,0.269,44.59
NLD,3,2021,11.729,3.04,0.141,74.0
NLD,4,2021,19.808,4.71,0.475,50.1
NLD,5,2021,0.0,0.0,0.0,118.8
NLD,6,2021,86.407,18.97,42.339,60.1
NLD,7,2021,4.548,0.9,3.729,65.1
NLD,1,2022,24.746,13.45,1.114,39.84
NLD,2,2022,29.07,10.37,0.32,41.91
NLD,3,2022,14.749,3.83,0.177,74.0
NLD,4,2022,19.927,4.74,0.478,51.91
NLD,5,2022,0.0,0.0,0.0,120.6
NLD,6,2022,73.687,16.18,36.107,61.91
NLD,7,2022,3.878,0.76,3.18,66.91
NLD,1,2023,33.857,18.4,1.524,36.0
NLD,2,2023,34.508,12.31,0.38,39.4
NLD,3,2023,18.547,4.81,0.223,74.0
NLD,4,2023,20.046,4.77,0.481,55.17
NLD,5,2023,0.0,0.0,0.0,122.4
NLD,6,2023,57.091,12.53,27.975,65.17
NLD,7,2023,3.005,0.59,2.464,70.17
NLD,1,2024,42.014,22.84,1.891,36.0
NLD,2,2024,40.964,14.61,0.451,37.03
NLD,3,2024,23.322,6.05,0.28,74.0
NLD,4,2024,20.167,4.8,0.484,58.35
NLD,5,2024,0.0,0.0,0.0,124.2
NLD,6,2024,39.509,8.67,19.359,68.35
NLD,7,2024,2.079,0.41,1.705,73.35
SWE,1,2005,0.12,0.07,0.005,350.0
SWE,2,2005,1.575,0.56,0.017,120.0
SWE,3,2005,0.0,0.0,0.0,180.0
SWE,4,2005,18.0,4.28,0.432,55.0
SWE,5,2005,0.0,0.0,0.0,90.0
SWE,6,2005,65.153,14.3,31.925,65.0
SWE,7,2005,65.153,12.82,53.425,70.0
SWE,1,2006,0.164,0.09,0.007,308.0
SWE,2,2006,1.87,0.67,0.021,112.8
SWE,3,2006,0.0,0.0,0.0,167.4
SWE,4,2006,18.108,4.31,0.435,58.22
SWE,5,2006,0.0,0.0,0.0,91.8
SWE,6,2006,69.302,15.21,33.958,68.22
SWE,7,2006,61.456,12.1,50.394,73.22
SWE,1,2007,0.225,0.12,0.01,271.04
SWE,2,2007,2.219,0.79,0.024,106.03
SWE,3,2007,0.0,0.0,0.0,155.68
SWE,4,2007,18.217,4.33,0.437,59.93
SWE,5,2007,0.0,0.0,0.0,93.6
SWE,6,2007,73.441,16.12,35.986,69.93
SWE,7,2007,57.704,11.36,47.317,74.93
SWE,1,2008,0.307,0.17,0.014,238.52
SWE,2,2008,2.635,0.94,0.029,99.67
SWE,3,2008,0.0,0.0,0.0,144.78
SWE,4,2008,18.326,4.36,0.44,59.32
SWE,5,2008,0.0,0.0,0.0,95.4
SWE,6,2008,77.555,17.03,38.002,69.32
SWE,7,2008,53.894,10.61,44.193,74.32
SWE,1,2009,0.42,0.23,0.019,209.89
SWE,2,2009,3.128,1.12,0.034,93.69
SWE,3,2009,0.0,0.0,0.0,134.65
SWE,4,2009,18.436,4.38,0.442,56.67
SWE,5,2009,0.0,0.0,0.0,97.2
SWE,6,2009,81.622,17.92,39.995,66.67
SWE,7,2009,50.026,9.85,41.021,71.67
SWE,1,2010,0.575,0.31,0.026,184.71
SWE,2,2010,3.713,1.32,0.041,88.07
SWE,3,2010,0.0,0.0,0.0,125.22
SWE,4,2010,18.547,4.41,0.445,53.25
SWE,5,2010,0.0,0.0,0.0,99.0
SWE,6,2010,85.618,18.8,41.953,63.25
SWE,7,2010,46.102,9.07,37.804,68.25
SWE,1,2011,0.787,0.43,0.035,162.54
SWE,2,2011,4.407,1.57,0.048,82.78
SWE,3,2011,0.0,0.0,0.0,116.46
SWE,4,2011,18.658,4.44,0.448,50.64
SWE,5,2011,0.0,0.0,0.0,100.8
SWE,6,2011,89.508,19.65,43.859,60.64
SWE,7,2011,42.121,8.29,34.539,65.64
SWE,1,2012,1.077,0.59,0.048,143.04
SWE,2,2012,5.232,1.87,0.058,77.82
SWE,3,2012,0.0,0.0,0.0,108.31
SWE,4,2012,18.77,4.46,0.45,50.09
SWE,5,2012,0.0,0.0,0.0,102.6
SWE,6,2012,93.249,20.47,45.692,60.09
SWE,7,2012,38.088,7.5,31.232,65.09
SWE,1,2013,1.473,0.8,0.066,125.87
SWE,2,2013,6.21,2.22,0.068,73.15
SWE,3,2013,0.0,0.0,0.0,100.72
SWE,4,2013,18.882,4.49,0.453,51.84
SWE,5,2013,0.0,0.0,0.0,104.4
SWE,6,2013,96.782,21.25,47.423,61.84
SWE,7,2013,34.005,6.69,27.884,66.84
SWE,1,2014,2.016,1.1,0.091,110.77
SWE,2,2014,7.372,2.63,0.081,68.76
SWE,3,2014,0.0,0.0,0.0,93.67
SWE,4,2014,18.996,4.52,0.456,55.08
SWE,5,2014,0.0,0.0,0.0,106.2
SWE,6,2014,100.033,21.96,49.016,65.08
SWE,7,2014,29.88,5.88,24.502,70.08
SWE,1,2015,2.758,1.5,0.124,97.48
SWE,2,2015,8.751,3.12,0.096,64.63
SWE,3,2015,0.0,0.0,0.0,87.12
SWE,4,2015,19.11,4.54,0.459,58.28
SWE,5,2015,0.0,0.0,0.0,108.0
SWE,6,2015,102.902,22.59,50.422,68.28
SWE,7,2015,25.726,5.06,21.095,73.28
SWE,1,2016,3.773,2.05,0.17,85.78
SWE,2,2016,10.389,3.71,0.114,60.76
SWE,3,2016,0.0,0.0,0.0,81.02
SWE,4,2016,19.224,4.57,0.461,59.94
SWE,5,2016,0.0,0.0,0.0,109.8
SWE,6,2016,105.258,23.11,51.576,69.94
SWE,7,2016,21.559,4.24,17.678,74.94
SWE,1,2017,5.162,2.81,0.232,75.48
SWE,2,2017,12.332,4.4,0.136,57.11
SWE,3,2017,0.0,0.0,0.0,75.35
SWE,4,2017,19.34,4.6,0.464,59.27
SWE,5,2017,0.0,0.0,0.0,111.6
SWE,6,2017,106.924,23.47,52.393,69.27
SWE,7,2017,17.406,3.43,14.273,74.27
SWE,1,2018,7.063,3.84,0.318,66.43
SWE,2,2018,14.639,5.22,0.161,53.68
SWE,3,2018,0.0,0.0,0.0,74.0
SWE,4,2018,19.456,4.63,0.467,56.6
SWE,5,2018,0.0,0.0,0.0,113.4
SWE,6,2018,107.666,23.64,52.756,66.6
SWE,7,2018,13.307,2.62,10.912,71.6
SWE,1,2019,9.663,5.25,0.435,58.46
SWE,2,2019,17.378,6.2,0.191,50.46
SWE,3,2019,0.0,0.0,0.0,74.0
SWE,4,2019,19.572,4.65,0.47,53.17
SWE,5,2019,0.0,0.0,0.0,115.2
SWE,6,2019,107.171,23.53,52.514,63.17
SWE,7,2019,9.319,1.83,7.642,68.17
SWE,1,2020,13.22,7.19,0.595,51.44
SWE,2,2020,20.629,7.36,0.227,47.44
SWE,3,2020,0.0,0.0,0.0,74.0
SWE,4,2020,19.69,4.68,0.473,50.6
SWE,5,2020,0.0,0.0,0.0,117.0
SWE,6,2020,105.016,23.05,51.458,60.6
SWE,7,2020,5.527,1.09,4.532,65.6
SWE,1,2021,18.087,9.83,0.814,45.27
SWE,2,2021,24.488,8.74,0.269,44.59
SWE,3,2021,0.0,0.0,0.0,74.0
SWE,4,2021,19.808,4.71,0.475,50.1
SWE,5,2021,0.0,0.0,0.0,118.8
SWE,6,2021,97.549,21.41,47.799,60.1
SWE,7,2021,5.134,1.01,4.21,65.1
SWE,1,2022,24.746,13.45,1.114,39.84
SWE,2,2022,29.07,10.37,0.32,41.91
SWE,3,2022,0.0,0.0,0.0,74.0
SWE,4,2022,19.927,4.74,0.478,51.91
SWE,5,2022,0.0,0.0,0.0,120.6
SWE,6,2022,87.698,19.25,42.972,61.91
SWE,7,2022,4.616,0.91,3.785,66.91
SWE,1,2023,33.857,18.4,1.524,36.0
SWE,2,2023,34.508,12.31,0.38,39.4
SWE,3,2023,0.0,0.0,0.0,74.0
SWE,4,2023,20.046,4.77,0.481,55.17
SWE,5,2023,0.0,0.0,0.0,122.4
SWE,6,2023,74.71,16.4,36.608,65.17
SWE,7,2023,3.932,0.77,3.224,70.17
SWE,1,2024,42.014,22.84,1.891,36.0
SWE,2,2024,40.964,14.61,0.451,37.03
SWE,3,2024,0.0,0.0,0.0,74.0
SWE,4,2024,20.167,4.8,0.484,58.35
SWE,5,2024,0.0,0.0,0.0,124.2
SWE,6,2024,61.666,13.54,30.216,68.35
SWE,7,2024,3.246,0.64,2.662,73.35
DNK,1,2005,0.12,0.07,0.005,350.0
DNK,2,2005,3.375,1.2,0.037,120.0
DNK,3,2005,0.3,0.08,0.004,180.0
DNK,4,2005,18.0,4.28,0.432,55.0
DNK,5,2005,0.0,0.0,0.0,90.0
DNK,6,2005,64.103,14.07,31.41,65.0
DNK,7,2005,64.103,12.62,52.564,70.0
DNK,1,2006,0.164,0.09,0.007,308.0
DNK,2,2006,4.006,1.43,0.044,112.8
DNK,3,2006,0.377,0.1,0.005,167.4
DNK,4,2006,18.108,4.31,0.435,58.22
DNK,5,2006,0.0,0.0,0.0,91.8
DNK,6,2006,67.969,14.92,33.305,68.22
DNK,7,2006,60.275,11.86,49.425,73.22
DNK,1,2007,0.225,0.12,0.01,271.04
DNK,2,2007,4.756,1.7,0.052,106.03
DNK,3,2007,0.474,0.12,0.006,155.68
DNK,4,2007,18.217,4.33,0.437,59.93
DNK,5,2007,0.0,0.0,0.0,93.6
DNK,6,2007,71.755,15.75,35.16,69.93
DNK,7,2007,56.379,11.1,46.231,74.93
DNK,1,2008,0.307,0.17,0.014,238.52
DNK,2,2008,5.646,2.01,0.062,99.67
DNK,3,2008,0.597,0.15,0.007,144.78
DNK,4,2008,18.326,4.36,0.44,59.32
DNK,5,2008,0.0,0.0,0.0,95.4
DNK,6,2008,75.426,16.56,36.959,69.32
DNK,7,2008,52.415,10.32,42.98,74.32
DNK,1,2009,0.42,0.23,0.019,209.89
DNK,2,2009,6.702,2.39,0.074,93.69
DNK,3,2009,0.75,0.19,0.009,134.65
DNK,4,2009,18.436,4.38,0.442,56.67
DNK,5,2009,0.0,0.0,0.0,97.2
DNK,6,2009,78.941,17.33,38.681,66.67
DNK,7,2009,48.383,9.52,39.674,71.67
DNK,1,2010,0.575,0.31,0.026,184.71
DNK,2,2010,7.956,2.84,0.088,88.07
DNK,3,2010,0.943,0.24,0.011,125.22
DNK,4,2010,18.547,4.41,0.445,53.25
DNK,5,2010,0.0,0.0,0.0,99.0
DNK,6,2010,82.247,18.06,40.301,63.25
DNK,7,2010,44.287,8.72,36.315,68.25
DNK,1,2011,0.787,0.43,0.035,162.54
DNK,2,2011,9.444,3.37,0.104,82.78
DNK,3,2011,1.186,0.31,0.014,116.46
DNK,4,2011,18.658,4.44,0.448,50.64
DNK,5,2011,0.0,0.0,0.0,100.8
DNK,6,2011,85.277,18.72,41.786,60.64
DNK,7,2011,40.13,7.9,32.907,65.64
DNK,1,2012,1.077,0.59,0.048,143.04
DNK,2,2012,11.211,4.0,0.123,77.82
DNK,3,2012,1.492,0.39,0.018,108.31
DNK,4,2012,18.77,4.46,0.45,50.09
DNK,5,2012,0.0,0.0,0.0,102.6
DNK,6,2012,87.945,19.31,43.093,60.09
DNK,7,2012,35.921,7.07,29.455,65.09
DNK,1,2013,1.473,0.8,0.066,125.87
DNK,2,2013,13.308,4.75,0.146,73.15
DNK,3,2013,1.876,0.49,0.023,100.72
DNK,4,2013,18.882,4.49,0.453,51.84
DNK,5,2013,0.0,0.0,0.0,104.4
DNK,6,2013,90.142,19.79,44.17,61.84
DNK,7,2013,31.672,6.23,25.971,66.84
DNK,1,2014,2.016,1.1,0.091,110.77
DNK,2,2014,15.798,5.64,0.174,68.76
DNK,3,2014,2.359,0.61,0.028,93.67
DNK,4,2014,18.996,4.52,0.456,55.08
DNK,5,2014,0.0,0.0,0.0,106.2
DNK,6,2014,91.73,20.14,44.948,65.08
DNK,7,2014,27.4,5.39,22.468,70.08
DNK,1,2015,2.758,1.5,0.124,97.48
DNK,2,2015,18.753,6.69,0.206,64.63
DNK,3,2015,2.966,0.77,0.036,87.12
DNK,4,2015,19.11,4.54,0.459,58.28
DNK,5,2015,0.0,0.0,0.0,108.0
DNK,6,2015,92.528,20.31,45.339,68.28
DNK,7,2015,23.132,4.55,18.968,73.28
DNK,1,2016,3.773,2.05,0.17,85.78
DNK,2,2016,22.261,7.94,0.245,60.76
DNK,3,2016,3.73,0.97,0.045,81.02
DNK,4,2016,19.224,4.57,0.461,59.94
DNK,5,2016,0.0,0.0,0.0,109.8
DNK,6,2016,92.307,20.26,45.23,69.94
DNK,7,2016,18.906,3.72,15.503,74.94
DNK,1,2017,5.162,2.81,0.232,75.48
DNK,2,2017,26.426,9.43,0.291,57.11
DNK,3,2017,4.69,1.22,0.056,75.35
DNK,4,2017,19.34,4.6,0.464,59.27
DNK,5,2017,0.0,0.0,0.0,111.6
DNK,6,2017,90.769,19.93,44.477,69.27
DNK,7,2017,14.776,2.91,12.116,74.27
DNK,1,2018,7.063,3.84,0.318,66.43
DNK,2,2018,31.37,11.19,0.345,53.68
DNK,3,2018,5.898,1.53,0.071,74.0
DNK,4,2018,19.456,4.63,0.467,56.6
DNK,5,2018,0.0,0.0,0.0,113.4
DNK,6,2018,87.526,19.21,42.888,66.6
DNK,7,2018,10.818,2.13,8.871,71.6
DNK,1,2019,9.663,5.25,0.435,58.46
DNK,2,2019,37.239,13.28,0.41,50.46
DNK,3,2019,7.417,1.92,0.089,74.0
DNK,4,2019,19.572,4.65,0.47,53.17
DNK,5,2019,0.0,0.0,0.0,115.2
DNK,6,2019,82.076,18.02,40.217,63.17
DNK,7,2019,7.137,1.4,5.852,68.17
DNK,1,2020,13.22,7.19,0.595,51.44
DNK,2,2020,44.205,15.77,0.486,47.44
DNK,3,2020,9.327,2.42,0.112,74.0
DNK,4,2020,19.69,4.68,0.473,50.6
DNK,5,2020,0.0,0.0,0.0,117.0
DNK,6,2020,73.758,16.19,36.141,60.6
DNK,7,2020,3.882,0.76,3.183,65.6
DNK,1,2021,18.087,9.83,0.814,45.27
DNK,2,2021,49.52,17.67,0.545,44.59
DNK,3,2021,11.729,3.04,0.141,74.0
DNK,4,2021,19.808,4.71,0.475,50.1
DNK,5,2021,0.0,0.0,0.0,118.8
DNK,6,2021,62.627,13.75,30.687,60.1
DNK,7,2021,3.296,0.65,2.703,65.1
DNK,1,2022,24.746,13.45,1.114,39.84
DNK,2,2022,49.817,17.77,0.548,41.91
DNK,3,2022,14.749,3.83,0.177,74.0
DNK,4,2022,19.927,4.74,0.478,51.91
DNK,5,2022,0.0,0.0,0.0,120.6
DNK,6,2022,53.977,11.85,26.449,61.91
DNK,7,2022,2.841,0.56,2.33,66.91
DNK,1,2023,33.857,18.4,1.524,36.0
DNK,2,2023,50.116,17.88,0.551,39.4
DNK,3,2023,18.547,4.81,0.223,74.0
DNK,4,2023,20.046,4.77,0.481,55.17
DNK,5,2023,0.0,0.0,0.0,122.4
DNK,6,2023,42.263,9.28,20.709,65.17
DNK,7,2023,2.224,0.44,1.824,70.17
DNK,1,2024,42.014,22.84,1.891,36.0
DNK,2,2024,50.417,17.99,0.555,37.03
DNK,3,2024,23.322,6.05,0.28,74.0
DNK,4,2024,20.167,4.8,0.484,58.35
DNK,5,2024,0.0,0.0,0.0,124.2
DNK,6,2024,30.529,6.7,14.959,68.35
DNK,7,2024,1.607,0.32,1.318,73.35
KOR,1,2005,0.312,0.17,0.014,350.0
KOR,2,2005,4.095,1.46,0.045,120.0
KOR,3,2005,0.0,0.0,0.0,180.0
KOR,4,2005,46.8,11.13,1.123,55.0
KOR,5,2005,78.0,10.0,0.936,90.0
KOR,6,2005,130.397,28.63,63.895,65.0
KOR,7,2005,130.397,25.66,106.926,70.0
KOR,1,2006,0.427,0.23,0.019,308.0
KOR,2,2006,4.861,1.73,0.053,112.8
KOR,3,2006,0.0,0.0,0.0,167.4
KOR,4,2006,47.081,11.2,1.13,58.22
KOR,5,2006,77.291,9.91,0.927,91.8
KOR,6,2006,139.221,30.56,68.218,68.22
KOR,7,2006,123.46,24.3,101.237,73.22
KOR,1,2007,0.584,0.32,0.026,271.04
KOR,2,2007,5.771,2.06,0.063,106.03
KOR,3,2007,0.0,0.0,0.0,155.68
KOR,4,2007,47.363,11.26,1.137,59.93
KOR,5,2007,76.571,9.82,0.919,93.6
KOR,6,2007,148.067,32.51,72.553,69.93
KOR,7,2007,116.338,22.9,95.397,74.93
KOR,1,2008,0.799,0.43,0.036,238.52
KOR,2,2008,6.85,2.44,0.075,99.67
KOR,3,2008,0.0,0.0,0.0,144.78
KOR,4,2008,47.647,11.33,1.144,59.32
KOR,5,2008,75.839,9.73,0.91,95.4
KOR,6,2008,156.897,34.44,76.88,69.32
KOR,7,2008,109.03,21.46,89.405,74.32
KOR,1,2009,1.093,0.59,0.049,209.89
KOR,2,2009,8.132,2.9,0.089,93.69
KOR,3,2009,0.0,0.0,0.0,134.65
KOR,4,2009,47.933,11.4,1.15,56.67
KOR,5,2009,75.096,9.63,0.901,97.2
KOR,6,2009,165.658,36.37,81.172,66.67
KOR,7,2009,101.533,19.98,83.257,71.67
KOR,1,2010,1.496,0.81,0.067,184.71
KOR,2,2010,9.653,3.44,0.106,88.07
KOR,3,2010,0.0,0.0,0.0,125.22
KOR,4,2010,48.221,11.47,1.157,53.25
KOR,5,2010,74.341,9.54,0.892,99.0
KOR,6,2010,174.285,38.26,85.4,63.25
KOR,7,2010,93.846,18.47,76.954,68.25
KOR,1,2011,2.046,1.11,0.092,162.54
KOR,2,2011,11.459,4.09,0.126,82.78
KOR,3,2011,0.0,0.0,0.0,116.46
KOR,4,2011,48.51,11.54,1.164,50.64
KOR,5,2011,73.574,9.44,0.883,100.8
KOR,6,2011,182.691,40.11,89.519,60.64
KOR,7,2011,85.972,16.92,70.497,65.64
KOR,1,2012,2.8,1.52,0.126,143.04
KOR,2,2012,13.602,4.85,0.15,77.82
KOR,3,2012,0.0,0.0,0.0,108.31
KOR,4,2012,48.801,11.61,1.171,50.09
KOR,5,2012,72.795,9.34,0.874,102.6
KOR,6,2012,190.762,41.88,93.473,60.09
KOR,7,2012,77.917,15.34,63.892,65.09
KOR,1,2013,3.83,2.08,0.172,125.87
KOR,2,2013,16.147,5.76,0.178,73.15
KOR,3,2013,0.0,0.0,0.0,100.72
KOR,4,2013,49.094,11.68,1.178,51.84
KOR,5,2013,72.005,9.24,0.864,104.4
KOR,6,2013,198.351,43.54,97.192,61.84
KOR,7,2013,69.691,13.72,57.147,66.84
KOR,1,2014,5.241,2.85,0.236,110.77
KOR,2,2014,19.168,6.84,0.211,68.76
KOR,3,2014,0.0,0.0,0.0,93.67
KOR,4,2014,49.389,11.75,1.185,55.08
KOR,5,2014,71.202,9.13,0.854,106.2
KOR,6,2014,205.261,45.06,100.578,65.08
KOR,7,2014,61.312,12.07,50.276,70.08
KOR,1,2015,7.17,3.9,0.323,97.48
KOR,2,2015,22.754,8.12,0.25,64.63
KOR,3,2015,0.0,0.0,0.0,87.12
KOR,4,2015,49.685,11.82,1.192,58.28
KOR,5,2015,70.387,9.03,0.845,108.0
KOR,6,2015,211.237,46.37,103.506,68.28
KOR,7,2015,52.809,10.39,43.303,73.28
KOR,1,2016,9.81,5.33,0.441,85.78
KOR,2,2016,27.011,9.64,0.297,60.76
KOR,3,2016,0.0,0.0,0.0,81.02
KOR,4,2016,49.983,11.89,1.2,59.94
KOR,5,2016,69.56,8.92,0.835,109.8
KOR,6,2016,215.935,47.4,105.808,69.94
KOR,7,2016,44.228,8.7,36.267,74.94
KOR,1,2017,13.421,7.3,0.604,75.48
KOR,2,2017,32.064,11.44,0.353,57.11
KOR,3,2017,0.0,0.0,0.0,75.35
KOR,4,2017,50.283,11.96,1.207,59.27
KOR,5,2017,68.72,8.81,0.825,111.6
KOR,6,2017,218.902,48.06,107.262,69.27
KOR,7,2017,35.635,7.01,29.221,74.27
KOR,1,2018,18.363,9.98,0.826,66.43
KOR,2,2018,38.062,13.58,0.419,53.68
KOR,3,2018,0.0,0.0,0.0,74.0
KOR,4,2018,50.585,12.03,1.214,56.6
KOR,5,2018,67.868,8.71,0.814,113.4
KOR,6,2018,219.529,48.19,107.569,66.6
KOR,7,2018,27.133,5.34,22.249,71.6
KOR,1,2019,25.123,13.66,1.131,58.46
KOR,2,2019,45.183,16.12,0.497,50.46
KOR,3,2019,0.0,0.0,0.0,74.0
KOR,4,2019,50.888,12.1,1.221,53.17
KOR,5,2019,67.003,8.59,0.804,115.2
KOR,6,2019,217.002,47.64,106.331,63.17
KOR,7,2019,18.87,3.71,15.473,68.17
KOR,1,2020,34.372,18.68,1.547,51.44
KOR,2,2020,53.636,19.13,0.59,47.44
KOR,3,2020,0.0,0.0,0.0,74.0
KOR,4,2020,51.194,12.18,1.229,50.6
KOR,5,2020,66.125,8.48,0.793,117.0
KOR,6,2020,210.222,46.15,103.009,60.6
KOR,7,2020,11.064,2.18,9.072,65.6
KOR,1,2021,47.027,25.56,2.116,45.27
KOR,2,2021,63.67,22.71,0.7,44.59
KOR,3,2021,0.0,0.0,0.0,74.0
KOR,4,2021,51.501,12.25,1.236,50.1
KOR,5,2021,65.234,8.37,0.783,118.8
KOR,6,2021,191.654,42.07,93.91,60.1
KOR,7,2021,10.087,1.99,8.271,65.1
KOR,1,2022,64.34,34.97,2.895,39.84
KOR,2,2022,75.581,26.96,0.831,41.91
KOR,3,2022,0.0,0.0,0.0,74.0
KOR,4,2022,51.81,12.32,1.243,51.91
KOR,5,2022,64.33,8.25,0.772,120.6
KOR,6,2022,166.902,36.64,81.782,61.91
KOR,7,2022,8.784,1.73,7.203,66.91
KOR,1,2023,88.028,47.85,3.961,36.0
KOR,2,2023,89.721,32.01,0.987,39.4
KOR,3,2023,0.0,0.0,0.0,74.0
KOR,4,2023,52.121,12.4,1.251,55.17
KOR,5,2023,63.413,8.13,0.761,122.4
KOR,6,2023,134.003,29.42,65.661,65.17
KOR,7,2023,7.053,1.39,5.783,70.17
KOR,1,2024,109.236,59.38,4.916,36.0
KOR,2,2024,106.506,37.99,1.172,37.03
KOR,3,2024,0.0,0.0,0.0,74.0
KOR,4,2024,52.433,12.47,1.258,58.35
KOR,5,2024,62.483,8.01,0.75,124.2
KOR,6,2024,100.972,22.17,49.476,68.35
KOR,7,2024,5.314,1.05,4.357,73.35
SAU,1,2005,0.144,0.08,0.006,350.0
SAU,2,2005,1.89,0.67,0.021,120.0
SAU,3,2005,0.0,0.0,0.0,180.0
SAU,4,2005,21.6,5.14,0.518,55.0
SAU,5,2005,0.0,0.0,0.0,90.0
SAU,6,2005,78.183,17.16,38.31,65.0
SAU,7,2005,78.183,15.39,64.11,70.0
SAU,1,2006,0.197,0.11,0.009,308.0
SAU,2,2006,2.244,0.8,0.025,112.8
SAU,3,2006,0.0,0.0,0.0,167.4
SAU,4,2006,21.73,5.17,0.522,58.22
SAU,5,2006,0.0,0.0,0.0,91.8
SAU,6,2006,83.162,18.26,40.749,68.22
SAU,7,2006,73.748,14.52,60.473,73.22
SAU,1,2007,0.27,0.15,0.012,271.04
SAU,2,2007,2.663,0.95,0.029,106.03
SAU,3,2007,0.0,0.0,0.0,155.68
SAU,4,2007,21.86,5.2,0.525,59.93
SAU,5,2007,0.0,0.0,0.0,93.6
SAU,6,2007,88.129,19.35,43.183,69.93
SAU,7,2007,69.244,13.63,56.78,74.93
SAU,1,2008,0.369,0.2,0.017,238.52
SAU,2,2008,3.162,1.13,0.035,99.67
SAU,3,2008,0.0,0.0,0.0,144.78
SAU,4,2008,21.991,5.23,0.528,59.32
SAU,5,2008,0.0,0.0,0.0,95.4
SAU,6,2008,93.065,20.43,45.602,69.32
SAU,7,2008,64.673,12.73,53.032,74.32
SAU,1,2009,0.505,0.27,0.023,209.89
SAU,2,2009,3.753,1.34,0.041,93.69
SAU,3,2009,0.0,0.0,0.0,134.65
SAU,4,2009,22.123,5.26,0.531,56.67
SAU,5,2009,0.0,0.0,0.0,97.2
SAU,6,2009,97.947,21.5,47.994,66.67
SAU,7,2009,60.032,11.82,49.226,71.67
SAU,1,2010,0.69,0.38,0.031,184.71
SAU,2,2010,4.455,1.59,0.049,88.07
SAU,3,2010,0.0,0.0,0.0,125.22
SAU,4,2010,22.256,5.29,0.534,53.25
SAU,5,2010,0.0,0.0,0.0,99.0
SAU,6,2010,102.742,22.55,50.344,63.25
SAU,7,2010,55.322,10.89,45.364,68.25
SAU,1,2011,0.944,0.51,0.042,162.54
SAU,2,2011,5.289,1.89,0.058,82.78
SAU,3,2011,0.0,0.0,0.0,116.46
SAU,4,2011,22.389,5.32,0.537,50.64
SAU,5,2011,0.0,0.0,0.0,100.8
SAU,6,2011,107.41,23.58,52.631,60.64
SAU,7,2011,50.546,9.95,41.448,65.64
SAU,1,2012,1.292,0.7,0.058,143.04
SAU,2,2012,6.278,2.24,0.069,77.82
SAU,3,2012,0.0,0.0,0.0,108.31
SAU,4,2012,22.524,5.36,0.541,50.09
SAU,5,2012,0.0,0.0,0.0,102.6
SAU,6,2012,111.899,24.57,54.831,60.09
SAU,7,2012,45.705,9.0,37.478,65.09
SAU,1,2013,1.768,0.96,0.08,125.87
SAU,2,2013,7.452,2.66,0.082,73.15
SAU,3,2013,0.0,0.0,0.0,100.72
SAU,4,2013,22.659,5.39,0.544,51.84
SAU,5,2013,0.0,0.0,0.0,104.4
SAU,6,2013,116.139,25.5,56.908,61.84
SAU,7,2013,40.806,8.03,33.461,66.84
SAU,1,2014,2.419,1.31,0.109,110.77
SAU,2,2014,8.847,3.16,0.097,68.76
SAU,3,2014,0.0,0.0,0.0,93.67
SAU,4,2014,22.795,5.42,0.547,55.08
SAU,5,2014,0.0,0.0,0.0,106.2
SAU,6,2014,120.04,26.35,58.82,65.08
SAU,7,2014,35.856,7.06,29.402,70.08
SAU,1,2015,3.309,1.8,0.149,97.48
SAU,2,2015,10.502,3.75,0.116,64.63
SAU,3,2015,0.0,0.0,0.0,87.12
SAU,4,2015,22.932,5.45,0.55,58.28
SAU,5,2015,0.0,0.0,0.0,108.0
SAU,6,2015,123.483,27.11,60.507,68.28
SAU,7,2015,30.871,6.08,25.314,73.28
SAU,1,2016,4.528,2.46,0.204,85.78
SAU,2,2016,12.466,4.45,0.137,60.76
SAU,3,2016,0.0,0.0,0.0,81.02
SAU,4,2016,23.069,5.49,0.554,59.94
SAU,5,2016,0.0,0.0,0.0,109.8
SAU,6,2016,126.309,27.73,61.891,69.94
SAU,7,2016,25.871,5.09,21.214,74.94
SAU,1,2017,6.194,3.37,0.279,75.48
SAU,2,2017,14.799,5.28,0.163,57.11
SAU,3,2017,0.0,0.0,0.0,75.35
SAU,4,2017,23.208,5.52,0.557,59.27
SAU,5,2017,0.0,0.0,0.0,111.6
SAU,6,2017,128.308,28.17,62.871,69.27
SAU,7,2017,20.887,4.11,17.127,74.27
SAU,1,2018,8.475,4.61,0.381,66.43
SAU,2,2018,17.567,6.27,0.193,53.68
SAU,3,2018,0.0,0.0,0.0,74.0
SAU,4,2018,23.347,5.55,0.56,56.6
SAU,5,2018,0.0,0.0,0.0,113.4
SAU,6,2018,129.199,28.36,63.308,66.6
SAU,7,2018,15.968,3.14,13.094,71.6
SAU,1,2019,11.595,6.3,0.522,58.46
SAU,2,2019,20.854,7.44,0.229,50.46
SAU,3,2019,0.0,0.0,0.0,74.0
SAU,4,2019,23.487,5.59,0.564,53.17
SAU,5,2019,0.0,0.0,0.0,115.2
SAU,6,2019,128.605,28.23,63.016,63.17
SAU,7,2019,11.183,2.2,9.17,68.17
SAU,1,2020,15.864,8.62,0.714,51.44
SAU,2,2020,24.755,8.83,0.272,47.44
SAU,3,2020,0.0,0.0,0.0,74.0
SAU,4,2020,23.628,5.62,0.567,50.6
SAU,5,2020,0.0,0.0,0.0,117.0
SAU,6,2020,126.019,27.66,61.749,60.6
SAU,7,2020,6.633,1.31,5.439,65.6
SAU,1,2021,21.705,11.8,0.977,45.27
SAU,2,2021,29.386,10.48,0.323,44.59
SAU,3,2021,0.0,0.0,0.0,74.0
SAU,4,2021,23.77,5.65,0.57,50.1
SAU,5,2021,0.0,0.0,0.0,118.8
SAU,6,2021,117.059,25.7,57.359,60.1
SAU,7,2021,6.161,1.21,5.052,65.1
SAU,1,2022,29.695,16.14,1.336,39.84
SAU,2,2022,34.884,12.44,0.384,41.91
SAU,3,2022,0.0,0.0,0.0,74.0
SAU,4,2022,23.912,5.69,0.574,51.91
SAU,5,2022,0.0,0.0,0.0,120.6
SAU,6,2022,105.238,23.1,51.567,61.91
SAU,7,2022,5.539,1.09,4.542,66.91
SAU,1,2023,40.628,22.09,1.828,36.0
SAU,2,2023,41.41,14.77,0.456,39.4
SAU,3,2023,0.0,0.0,0.0,74.0
SAU,4,2023,24.056,5.72,0.577,55.17
SAU,5,2023,0.0,0.0,0.0,122.4
SAU,6,2023,89.652,19.68,43.929,65.17
SAU,7,2023,4.719,0.93,3.87,70.17
SAU,1,2024,50.417,27.41,2.269,36.0
SAU,2,2024,49.157,17.54,0.541,37.03
SAU,3,2024,0.0,0.0,0.0,74.0
SAU,4,2024,24.2,5.76,0.581,58.35
SAU,5,2024,0.0,0.0,0.0,124.2
SAU,6,2024,73.999,16.24,36.26,68.35
SAU,7,2024,3.895,0.77,3.194,73.35
ARE,1,2005,0.12,0.07,0.005,350.0
ARE,2,2005,1.575,0.56,0.017,120.0
ARE,3,2005,0.0,0.0,0.0,180.0
ARE,4,2005,18.0,4.28,0.432,55.0
ARE,5,2005,0.0,0.0,0.0,90.0
ARE,6,2005,65.153,14.3,31.925,65.0
ARE,7,2005,65.153,12.82,53.425,70.0
ARE,1,2006,0.164,0.09,0.007,308.0
ARE,2,2006,1.87,0.67,0.021,112.8
ARE,3,2006,0.0,0.0,0.0,167.4
ARE,4,2006,18.108,4.31,0.435,58.22
ARE,5,2006,0.0,0.0,0.0,91.8
ARE,6,2006,69.302,15.21,33.958,68.22
ARE,7,2006,61.456,12.1,50.394,73.22
ARE,1,2007,0.225,0.12,0.01,271.04
ARE,2,2007,2.219,0.79,0.024,106.03
ARE,3,2007,0.0,0.0,0.0,155.68
ARE,4,2007,18.217,4.33,0.437,59.93
ARE,5,2007,0.0,0.0,0.0,93.6
ARE,6,2007,73.441,16.12,35.986,69.93
ARE,7,2007,57.704,11.36,47.317,74.93
ARE,1,2008,0.307,0.17,0.014,238.52
ARE,2,2008,2.635,0.94,0.029,99.67
ARE,3,2008,0.0,0.0,0.0,144.78
ARE,4,2008,18.326,4.36,0.44,59.32
ARE,5,2008,0.0,0.0,0.0,95.4
ARE,6,2008,77.555,17.03,38.002,69.32
ARE,7,2008,53.894,10.61,44.193,74.32
ARE,1,2009,0.42,0.23,0.019,209.89
ARE,2,2009,3.128,1.12,0.034,93.69
ARE,3,2009,0.0,0.0,0.0,134.65
ARE,4,2009,18.436,4.38,0.442,56.67
ARE,5,2009,0.0,0.0,0.0,97.2
ARE,6,2009,81.622,17.92,39.995,66.67
ARE,7,2009,50.026,9.85,41.021,71.67
ARE,1,2010,0.575,0.31,0.026,184.71
ARE,2,2010,3.713,1.32,0.041,88.07
ARE,3,2010,0.0,0.0,0.0,125.22
ARE,4,2010,18.547,4.41,0.445,53.25
ARE,5,2010,0.0,0.0,0.0,99.0
ARE,6,2010,85.618,18.8,41.953,63.25
ARE,7,2010,46.102,9.07,37.804,68.25
ARE,1,2011,0.787,0.43,0.035,162.54
ARE,2,2011,4.407,1.57,0.048,82.78
ARE,3,2011,0.0,0.0,0.0,116.46
ARE,4,2011,18.658,4.44,0.448,50.64
ARE,5,2011,0.0,0.0,0.0,100.8
ARE,6,2011,89.508,19.65,43.859,60.64
ARE,7,2011,42.121,8.29,34.539,65.64
ARE,1,2012,1.077,0.59,0.048,143.04
ARE,2,2012,5.232,1.87,0.058,77.82
ARE,3,2012,0.0,0.0,0.0,108.31
ARE,4,2012,18.77,4.46,0.45,50.09
ARE,5,2012,0.0,0.0,0.0,102.6
ARE,6,2012,93.249,20.47,45.692,60.09
ARE,7,2012,38.088,7.5,31.232,65.09
ARE,1,2013,1.473,0.8,0.066,125.87
ARE,2,2013,6.21,2.22,0.068,73.15
ARE,3,2013,0.0,0.0,0.0,100.72
ARE,4,2013,18.882,4.49,0.453,51.84
ARE,5,2013,0.0,0.0,0.0,104.4
ARE,6,2013,96.782,21.25,47.423,61.84
ARE,7,2013,34.005,6.69,27.884,66.84
ARE,1,2014,2.016,1.1,0.091,110.77
ARE,2,2014,7.372,2.63,0.081,68.76
ARE,3,2014,0.0,0.0,0.0,93.67
ARE,4,2014,18.996,4.52,0.456,55.08
ARE,5,2014,0.0,0.0,0.0,106.2
ARE,6,2014,100.033,21.96,49.016,65.08
ARE,7,2014,29.88,5.88,24.502,70.08
ARE,1,2015,2.758,1.5,0.124,97.48
ARE,2,2015,8.751,3.12,0.096,64.63
ARE,3,2015,0.0,0.0,0.0,87.12
ARE,4,2015,19.11,4.54,0.459,58.28
ARE,5,2015,0.0,0.0,0.0,108.0
ARE,6,2015,102.902,22.59,50.422,68.28
ARE,7,2015,25.726,5.06,21.095,73.28
ARE,1,2016,3.773,2.05,0.17,85.78
ARE,2,2016,10.389,3.71,0.114,60.76
ARE,3,2016,0.0,0.0,0.0,81.02
ARE,4,2016,19.224,4.57,0.461,59.94
ARE,5,2016,0.0,0.0,0.0,109.8
ARE,6,2016,105.258,23.11,51.576,69.94
ARE,7,2016,21.559,4.24,17.678,74.94
ARE,1,2017,5.162,2.81,0.232,75.48
ARE,2,2017,12.332,4.4,0.136,57.11
ARE,3,2017,0.0,0.0,0.0,75.35
ARE,4,2017,19.34,4.6,0.464,59.27
ARE,5,2017,0.0,0.0,0.0,111.6
ARE,6,2017,106.924,23.47,52.393,69.27
ARE,7,2017,17.406,3.43,14.273,74.27
ARE,1,2018,7.063,3.84,0.318,66.43
ARE,2,2018,14.639,5.22,0.161,53.68
ARE,3,2018,0.0,0.0,0.0,74.0
ARE,4,2018,19.456,4.63,0.467,56.6
ARE,5,2018,0.0,0.0,0.0,113.4
ARE,6,2018,107.666,23.64,52.756,66.6
ARE,7,2018,13.307,2.62,10.912,71.6
ARE,1,2019,9.663,5.25,0.435,58.46
ARE,2,2019,17.378,6.2,0.191,50.46
ARE,3,2019,0.0,0.0,0.0,74.0
ARE,4,2019,19.572,4.65,0.47,53.17
ARE,5,2019,0.0,0.0,0.0,115.2
ARE,6,2019,107.171,23.53,52.514,63.17
ARE,7,2019,9.319,1.83,7.642,68.17
ARE,1,2020,13.22,7.19,0.595,51.44
ARE,2,2020,20.629,7.36,0.227,47.44
ARE,3,2020,0.0,0.0,0.0,74.0
ARE,4,2020,19.69,4.68,0.473,50.6
ARE,5,2020,0.0,0.0,0.0,117.0
ARE,6,2020,105.016,23.05,51.458,60.6
ARE,7,2020,5.527,1.09,4.532,65.6
ARE,1,2021,18.087,9.83,0.814,45.27
ARE,2,2021,24.488,8.74,0.269,44.59
ARE,3,2021,0.0,0.0,0.0,74.0
ARE,4,2021,19.808,4.71,0.475,50.1
ARE,5,2021,0.0,0.0,0.0,118.8
ARE,6,2021,97.549,21.41,47.799,60.1
ARE,7,2021,5.134,1.01,4.21,65.1
ARE,1,2022,24.746,13.45,1.114,39.84
ARE,2,2022,29.07,10.37,0.32,41.91
ARE,3,2022,0.0,0.0,0.0,74.0
ARE,4,2022,19.927,4.74,0.478,51.91
ARE,5,2022,0.0,0.0,0.0,120.6
ARE,6,2022,87.698,19.25,42.972,61.91
ARE,7,2022,4.616,0.91,3.785,66.91
ARE,1,2023,33.857,18.4,1.524,36.0
ARE,2,2023,34.508,12.31,0.38,39.4
ARE,3,2023,0.0,0.0,0.0,74.0
ARE,4,2023,20.046,4.77,0.481,55.17
ARE,5,2023,0.0,0.0,0.0,122.4
ARE,6,2023,74.71,16.4,36.608,65.17
ARE,7,2023,3.932,0.77,3.224,70.17
ARE,1,2024,42.014,22.84,1.891,36.0
ARE,2,2024,40.964,14.61,0.451,37.03
ARE,3,2024,0.0,0.0,0.0,74.0
ARE,4,2024,20.167,4.8,0.484,58.35
ARE,5,2024,0.0,0.0,0.0,124.2
ARE,6,2024,61.666,13.54,30.216,68.35
ARE,7,2024,3.246,0.64,2.662,73.35
ZAF,1,2005,0.192,0.1,0.009,350.0
ZAF,2,2005,2.52,0.9,0.028,120.0
ZAF,3,2005,0.0,0.0,0.0,180.0
ZAF,4,2005,28.8,6.85,0.691,55.0
ZAF,5,2005,0.0,0.0,0.0,90.0
ZAF,6,2005,41.698,9.15,20.432,65.0
ZAF,7,2005,166.79,32.83,136.768,70.0
ZAF,1,2006,0.268,0.15,0.012,308.0
ZAF,2,2006,3.057,1.09,0.034,112.8
ZAF,3,2006,0.0,0.0,0.0,167.4
ZAF,4,2006,29.606,7.04,0.711,58.22
ZAF,5,2006,0.0,0.0,0.0,91.8
ZAF,6,2006,46.606,10.23,22.837,68.22
ZAF,7,2006,167.182,32.9,137.089,73.22
ZAF,1,2007,0.375,0.2,0.017,271.04
ZAF,2,2007,3.708,1.32,0.041,106.03
ZAF,3,2007,0.0,0.0,0.0,155.68
ZAF,4,2007,30.435,7.24,0.73,59.93
ZAF,5,2007,0.0,0.0,0.0,93.6
ZAF,6,2007,51.71,11.35,25.338,69.93
ZAF,7,2007,167.4,32.95,137.268,74.93
ZAF,1,2008,0.525,0.29,0.024,238.52
ZAF,2,2008,4.498,1.6,0.049,99.67
ZAF,3,2008,0.0,0.0,0.0,144.78
ZAF,4,2008,31.288,7.44,0.751,59.32
ZAF,5,2008,0.0,0.0,0.0,95.4
ZAF,6,2008,57.003,12.51,27.931,69.32
ZAF,7,2008,167.417,32.95,137.282,74.32
ZAF,1,2009,0.734,0.4,0.033,209.89
ZAF,2,2009,5.456,1.95,0.06,93.69
ZAF,3,2009,0.0,0.0,0.0,134.65
ZAF,4,2009,32.164,7.65,0.772,56.67
ZAF,5,2009,0.0,0.0,0.0,97.2
ZAF,6,2009,62.472,13.71,30.611,66.67
ZAF,7,2009,167.205,32.91,137.108,71.67
ZAF,1,2010,1.026,0.56,0.046,184.71
ZAF,2,2010,6.619,2.36,0.073,88.07
ZAF,3,2010,0.0,0.0,0.0,125.22
ZAF,4,2010,33.064,7.86,0.794,53.25
ZAF,5,2010,0.0,0.0,0.0,99.0
ZAF,6,2010,68.1,14.95,33.369,63.25
ZAF,7,2010,166.727,32.82,136.716,68.25
ZAF,1,2011,1.434,0.78,0.065,162.54
ZAF,2,2011,8.029,2.86,0.088,82.78
ZAF,3,2011,0.0,0.0,0.0,116.46
ZAF,4,2011,33.99,8.08,0.816,50.64
ZAF,5,2011,0.0,0.0,0.0,100.8
ZAF,6,2011,73.858,16.21,36.19,60.64
ZAF,7,2011,165.94,32.66,136.071,65.64
ZAF,1,2012,2.005,1.09,0.09,143.04
ZAF,2,2012,9.739,3.47,0.107,77.82
ZAF,3,2012,0.0,0.0,0.0,108.31
ZAF,4,2012,34.942,8.31,0.839,50.09
ZAF,5,2012,0.0,0.0,0.0,102.6
ZAF,6,2012,79.706,17.5,39.056,60.09
ZAF,7,2012,164.79,32.43,135.128,65.09
ZAF,1,2013,2.803,1.52,0.126,125.87
ZAF,2,2013,11.814,4.21,0.13,73.15
ZAF,3,2013,0.0,0.0,0.0,100.72
ZAF,4,2013,35.92,8.54,0.862,51.84
ZAF,5,2013,0.0,0.0,0.0,104.4
ZAF,6,2013,85.586,18.79,41.937,61.84
ZAF,7,2013,163.211,32.12,133.833,66.84
ZAF,1,2014,3.918,2.13,0.176,110.77
ZAF,2,2014,14.331,5.11,0.158,68.76
ZAF,3,2014,0.0,0.0,0.0,93.67
ZAF,4,2014,36.926,8.78,0.886,55.08
ZAF,5,2014,0.0,0.0,0.0,106.2
ZAF,6,2014,91.42,20.07,44.796,65.08
ZAF,7,2014,161.121,31.71,132.119,70.08
ZAF,1,2015,5.478,2.98,0.247,97.48
ZAF,2,2015,17.384,6.2,0.191,64.63
ZAF,3,2015,0.0,0.0,0.0,87.12
ZAF,4,2015,37.96,9.03,0.911,58.28
ZAF,5,2015,0.0,0.0,0.0,108.0
ZAF,6,2015,97.094,21.31,47.576,68.28
ZAF,7,2015,158.416,31.18,129.901,73.28
ZAF,1,2016,7.659,4.16,0.345,85.78
ZAF,2,2016,21.088,7.52,0.232,60.76
ZAF,3,2016,0.0,0.0,0.0,81.02
ZAF,4,2016,39.023,9.28,0.937,59.94
ZAF,5,2016,0.0,0.0,0.0,109.8
ZAF,6,2016,102.453,22.49,50.202,69.94
ZAF,7,2016,154.967,30.5,127.073,74.94
ZAF,1,2017,10.707,5.82,0.482,75.48
ZAF,2,2017,25.58,9.13,0.281,57.11
ZAF,3,2017,0.0,0.0,0.0,75.35
ZAF,4,2017,40.115,9.54,0.963,59.27
ZAF,5,2017,0.0,0.0,0.0,111.6
ZAF,6,2017,107.283,23.55,52.569,69.27
ZAF,7,2017,150.608,29.64,123.499,74.27
ZAF,1,2018,14.97,8.14,0.674,66.43
ZAF,2,2018,31.03,11.07,0.341,53.68
ZAF,3,2018,0.0,0.0,0.0,74.0
ZAF,4,2018,41.239,9.81,0.99,56.6
ZAF,5,2018,0.0,0.0,0.0,113.4
ZAF,6,2018,111.285,24.43,54.53,66.6
ZAF,7,2018,145.132,28.56,119.008,71.6
ZAF,1,2019,20.929,11.38,0.942,58.46
ZAF,2,2019,37.64,13.43,0.414,50.46
ZAF,3,2019,0.0,0.0,0.0,74.0
ZAF,4,2019,42.393,10.08,1.017,53.17
ZAF,5,2019,0.0,0.0,0.0,115.2
ZAF,6,2019,114.046,25.04,55.883,63.17
ZAF,7,2019,138.268,27.21,113.38,68.17
ZAF,1,2020,29.26,15.91,1.317,51.44
ZAF,2,2020,45.659,16.29,0.502,47.44
ZAF,3,2020,0.0,0.0,0.0,74.0
ZAF,4,2020,43.58,10.36,1.046,50.6
ZAF,5,2020,0.0,0.0,0.0,117.0
ZAF,6,2020,114.994,25.24,56.347,60.6
ZAF,7,2020,129.674,25.52,106.333,65.6
ZAF,1,2021,40.909,22.24,1.841,45.27
ZAF,2,2021,55.386,19.76,0.609,44.59
ZAF,3,2021,0.0,0.0,0.0,74.0
ZAF,4,2021,44.8,10.65,1.075,50.1
ZAF,5,2021,0.0,0.0,0.0,118.8
ZAF,6,2021,113.334,24.88,55.534,60.1
ZAF,7,2021,118.908,23.4,97.505,65.1
ZAF,1,2022,57.193,31.09,2.574,39.84
ZAF,2,2022,67.186,23.97,0.739,41.91
ZAF,3,2022,0.0,0.0,0.0,74.0
ZAF,4,2022,46.055,10.95,1.105,51.91
ZAF,5,2022,0.0,0.0,0.0,120.6
ZAF,6,2022,107.958,23.7,52.899,61.91
ZAF,7,2022,105.398,20.74,86.426,66.91
ZAF,1,2023,79.961,43.47,3.598,36.0
ZAF,2,2023,81.499,29.07,0.896,39.4
ZAF,3,2023,0.0,0.0,0.0,74.0
ZAF,4,2023,47.344,11.26,1.136,55.17
ZAF,5,2023,0.0,0.0,0.0,122.4
ZAF,6,2023,97.324,21.37,47.689,65.17
ZAF,7,2023,88.409,17.4,72.495,70.17
ZAF,1,2024,101.396,55.12,4.563,36.0
ZAF,2,2024,98.862,35.27,1.087,37.03
ZAF,3,2024,0.0,0.0,0.0,74.0
ZAF,4,2024,48.67,11.57,1.168,58.35
ZAF,5,2024,0.0,0.0,0.0,124.2
ZAF,6,2024,84.908,18.64,41.605,68.35
ZAF,7,2024,71.748,14.12,58.833,73.35
EGY,1,2005,0.12,0.07,0.005,350.0
EGY,2,2005,1.575,0.56,0.017,120.0
EGY,3,2005,0.0,0.0,0.0,180.0
EGY,4,2005,18.0,4.28,0.432,55.0
EGY,5,2005,0.0,0.0,0.0,90.0
EGY,6,2005,65.153,14.3,31.925,65.0
EGY,7,2005,65.153,12.82,53.425,70.0
EGY,1,2006,0.168,0.09,0.008,308.0
EGY,2,2006,1.911,0.68,0.021,112.8
EGY,3,2006,0.0,0.0,0.0,167.4
EGY,4,2006,18.504,4.4,0.444,58.22
EGY,5,2006,0.0,0.0,0.0,91.8
EGY,6,2006,70.817,15.55,34.7,68.22
EGY,7,2006,62.8,12.36,51.496,73.22
EGY,1,2007,0.235,0.13,0.011,271.04
EGY,2,2007,2.318,0.83,0.025,106.03
EGY,3,2007,0.0,0.0,0.0,155.68
EGY,4,2007,19.022,4.52,0.457,59.93
EGY,5,2007,0.0,0.0,0.0,93.6
EGY,6,2007,76.688,16.84,37.577,69.93
EGY,7,2007,60.255,11.86,49.409,74.93
EGY,1,2008,0.328,0.18,0.015,238.52
EGY,2,2008,2.811,1.0,0.031,99.67
EGY,3,2008,0.0,0.0,0.0,144.78
EGY,4,2008,19.555,4.65,0.469,59.32
EGY,5,2008,0.0,0.0,0.0,95.4
EGY,6,2008,82.755,18.17,40.55,69.32
EGY,7,2008,57.507,11.32,47.156,74.32
EGY,1,2009,0.458,0.25,0.021,209.89
EGY,2,2009,3.41,1.22,0.038,93.69
EGY,3,2009,0.0,0.0,0.0,134.65
EGY,4,2009,20.102,4.78,0.482,56.67
EGY,5,2009,0.0,0.0,0.0,97.2
EGY,6,2009,89.0,19.54,43.61,66.67
EGY,7,2009,54.548,10.74,44.729,71.67
EGY,1,2010,0.641,0.35,0.029,184.71
EGY,2,2010,4.137,1.48,0.046,88.07
EGY,3,2010,0.0,0.0,0.0,125.22
EGY,4,2010,20.665,4.91,0.496,53.25
EGY,5,2010,0.0,0.0,0.0,99.0
EGY,6,2010,95.398,20.94,46.745,63.25
EGY,7,2010,51.368,10.11,42.122,68.25
EGY,1,2011,0.896,0.49,0.04,162.54
EGY,2,2011,5.018,1.79,0.055,82.78
EGY,3,2011,0.0,0.0,0.0,116.46
EGY,4,2011,21.244,5.05,0.51,50.64
EGY,5,2011,0.0,0.0,0.0,100.8
EGY,6,2011,101.914,22.37,49.938,60.64
EGY,7,2011,47.959,9.44,39.326,65.64
EGY,1,2012,1.253,0.68,0.056,143.04
EGY,2,2012,6.087,2.17,0.067,77.82
EGY,3,2012,0.0,0.0,0.0,108.31
EGY,4,2012,21.839,5.19,0.524,50.09
EGY,5,2012,0.0,0.0,0.0,102.6
EGY,6,2012,108.495,23.82,53.163,60.09
EGY,7,2012,44.315,8.72,36.338,65.09
EGY,1,2013,1.752,0.95,0.079,125.87
EGY,2,2013,7.384,2.63,0.081,73.15
EGY,3,2013,0.0,0.0,0.0,100.72
EGY,4,2013,22.45,5.34,0.539,51.84
EGY,5,2013,0.0,0.0,0.0,104.4
EGY,6,2013,115.069,25.26,56.384,61.84
EGY,7,2013,40.43,7.96,33.153,66.84
EGY,1,2014,2.449,1.33,0.11,110.77
EGY,2,2014,8.957,3.2,0.099,68.76
EGY,3,2014,0.0,0.0,0.0,93.67
EGY,4,2014,23.079,5.49,0.554,55.08
EGY,5,2014,0.0,0.0,0.0,106.2
EGY,6,2014,121.535,26.68,59.552,65.08
EGY,7,2014,36.303,7.15,29.768,70.08
EGY,1,2015,3.424,1.86,0.154,97.48
EGY,2,2015,10.865,3.88,0.12,64.63
EGY,3,2015,0.0,0.0,0.0,87.12
EGY,4,2015,23.725,5.64,0.569,58.28
EGY,5,2015,0.0,0.0,0.0,108.0
EGY,6,2015,127.755,28.05,62.6,68.28
EGY,7,2015,31.939,6.29,26.19,73.28
EGY,1,2016,4.787,2.6,0.215,85.78
EGY,2,2016,13.18,4.7,0.145,60.76
EGY,3,2016,0.0,0.0,0.0,81.02
EGY,4,2016,24.389,5.8,0.585,59.94
EGY,5,2016,0.0,0.0,0.0,109.8
EGY,6,2016,133.537,29.32,65.433,69.94
EGY,7,2016,27.351,5.38,22.428,74.94
EGY,1,2017,6.692,3.64,0.301,75.48
EGY,2,2017,15.988,5.7,0.176,57.11
EGY,3,2017,0.0,0.0,0.0,75.35
EGY,4,2017,25.072,5.96,0.602,59.27
EGY,5,2017,0.0,0.0,0.0,111.6
EGY,6,2017,138.617,30.43,67.922,69.27
EGY,7,2017,22.565,4.44,18.503,74.27
EGY,1,2018,9.356,5.09,0.421,66.43
EGY,2,2018,19.394,6.92,0.213,53.68
EGY,3,2018,0.0,0.0,0.0,74.0
EGY,4,2018,25.774,6.13,0.619,56.6
EGY,5,2018,0.0,0.0,0.0,113.4
EGY,6,2018,142.632,31.31,69.89,66.6
EGY,7,2018,17.629,3.47,14.456,71.6
EGY,1,2019,13.081,7.11,0.589,58.46
EGY,2,2019,23.525,8.39,0.259,50.46
EGY,3,2019,0.0,0.0,0.0,74.0
EGY,4,2019,26.496,6.3,0.636,53.17
EGY,5,2019,0.0,0.0,0.0,115.2
EGY,6,2019,145.081,31.85,71.09,63.17
EGY,7,2019,12.616,2.48,10.345,68.17
EGY,1,2020,18.288,9.94,0.823,51.44
EGY,2,2020,28.537,10.18,0.314,47.44
EGY,3,2020,0.0,0.0,0.0,74.0
EGY,4,2020,27.238,6.48,0.654,50.6
EGY,5,2020,0.0,0.0,0.0,117.0
EGY,6,2020,145.272,31.89,71.183,60.6
EGY,7,2020,7.646,1.5,6.27,65.6
EGY,1,2021,25.568,13.9,1.151,45.27
EGY,2,2021,34.616,12.35,0.381,44.59
EGY,3,2021,0.0,0.0,0.0,74.0
EGY,4,2021,28.0,6.66,0.672,50.1
EGY,5,2021,0.0,0.0,0.0,118.8
EGY,6,2021,137.894,30.27,67.568,60.1
EGY,7,2021,7.258,1.43,5.952,65.1
EGY,1,2022,35.746,19.43,1.609,39.84
EGY,2,2022,41.991,14.98,0.462,41.91
EGY,3,2022,0.0,0.0,0.0,74.0
EGY,4,2022,28.784,6.85,0.691,51.91
EGY,5,2022,0.0,0.0,0.0,120.6
EGY,6,2022,126.68,27.81,62.073,61.91
EGY,7,2022,6.667,1.31,5.467,66.91
EGY,1,2023,49.976,27.17,2.249,36.0
EGY,2,2023,50.937,18.17,0.56,39.4
EGY,3,2023,0.0,0.0,0.0,74.0
EGY,4,2023,29.59,7.04,0.71,55.17
EGY,5,2023,0.0,0.0,0.0,122.4
EGY,6,2023,110.279,24.21,54.037,65.17
EGY,7,2023,5.804,1.14,4.759,70.17
EGY,1,2024,63.372,34.45,2.852,36.0
EGY,2,2024,61.789,22.04,0.68,37.03
EGY,3,2024,0.0,0.0,0.0,74.0
EGY,4,2024,30.419,7.23,0.73,58.35
EGY,5,2024,0.0,0.0,0.0,124.2
EGY,6,2024,93.015,20.42,45.577,68.35
EGY,7,2024,4.896,0.96,4.015,73.35
MEX,1,2005,0.2,0.11,0.009,350.0
MEX,2,2005,2.625,0.94,0.029,120.0
MEX,3,2005,0.0,0.0,0.0,180.0
MEX,4,2005,30.0,7.13,0.72,55.0
MEX,5,2005,0.0,0.0,0.0,90.0
MEX,6,2005,108.588,23.84,53.208,65.0
MEX,7,2005,108.588,21.37,89.042,70.0
MEX,1,2006,0.28,0.15,0.013,308.0
MEX,2,2006,3.184,1.14,0.035,112.8
MEX,3,2006,0.0,0.0,0.0,167.4
MEX,4,2006,30.84,7.33,0.74,58.22
MEX,5,2006,0.0,0.0,0.0,91.8
MEX,6,2006,118.029,25.91,57.834,68.22
MEX,7,2006,104.667,20.6,85.827,73.22
MEX,1,2007,0.391,0.21,0.018,271.04
MEX,2,2007,3.863,1.38,0.042,106.03
MEX,3,2007,0.0,0.0,0.0,155.68
MEX,4,2007,31.704,7.54,0.761,59.93
MEX,5,2007,0.0,0.0,0.0,93.6
MEX,6,2007,127.814,28.06,62.629,69.93
MEX,7,2007,100.425,19.77,82.349,74.93
MEX,1,2008,0.547,0.3,0.025,238.52
MEX,2,2008,4.685,1.67,0.052,99.67
MEX,3,2008,0.0,0.0,0.0,144.78
MEX,4,2008,32.591,7.75,0.782,59.32
MEX,5,2008,0.0,0.0,0.0,95.4
MEX,6,2008,137.924,30.28,67.583,69.32
MEX,7,2008,95.846,18.86,78.594,74.32
MEX,1,2009,0.764,0.42,0.034,209.89
MEX,2,2009,5.684,2.03,0.063,93.69
MEX,3,2009,0.0,0.0,0.0,134.65
MEX,4,2009,33.504,7.97,0.804,56.67
MEX,5,2009,0.0,0.0,0.0,97.2
MEX,6,2009,148.333,32.56,72.683,66.67
MEX,7,2009,90.914,17.89,74.549,71.67
MEX,1,2010,1.068,0.58,0.048,184.71
MEX,2,2010,6.895,2.46,0.076,88.07
MEX,3,2010,0.0,0.0,0.0,125.22
MEX,4,2010,34.442,8.19,0.827,53.25
MEX,5,2010,0.0,0.0,0.0,99.0
MEX,6,2010,158.997,34.9,77.909,63.25
MEX,7,2010,85.614,16.85,70.203,68.25
MEX,1,2011,1.494,0.81,0.067,162.54
MEX,2,2011,8.363,2.98,0.092,82.78
MEX,3,2011,0.0,0.0,0.0,116.46
MEX,4,2011,35.406,8.42,0.85,50.64
MEX,5,2011,0.0,0.0,0.0,100.8
MEX,6,2011,169.856,37.29,83.229,60.64
MEX,7,2011,79.932,15.73,65.544,65.64
MEX,1,2012,2.088,1.14,0.094,143.04
MEX,2,2012,10.145,3.62,0.112,77.82
MEX,3,2012,0.0,0.0,0.0,108.31
MEX,4,2012,36.398,8.66,0.874,50.09
MEX,5,2012,0.0,0.0,0.0,102.6
MEX,6,2012,180.825,39.7,88.604,60.09
MEX,7,2012,73.858,14.54,60.564,65.09
MEX,1,2013,2.919,1.59,0.131,125.87
MEX,2,2013,12.306,4.39,0.135,73.15
MEX,3,2013,0.0,0.0,0.0,100.72
MEX,4,2013,37.417,8.9,0.898,51.84
MEX,5,2013,0.0,0.0,0.0,104.4
MEX,6,2013,191.781,42.1,93.973,61.84
MEX,7,2013,67.383,13.26,55.254,66.84
MEX,1,2014,4.081,2.22,0.184,110.77
MEX,2,2014,14.928,5.33,0.164,68.76
MEX,3,2014,0.0,0.0,0.0,93.67
MEX,4,2014,38.464,9.15,0.923,55.08
MEX,5,2014,0.0,0.0,0.0,106.2
MEX,6,2014,202.558,44.47,99.253,65.08
MEX,7,2014,60.504,11.91,49.613,70.08
MEX,1,2015,5.706,3.1,0.257,97.48
MEX,2,2015,18.108,6.46,0.199,64.63
MEX,3,2015,0.0,0.0,0.0,87.12
MEX,4,2015,39.541,9.4,0.949,58.28
MEX,5,2015,0.0,0.0,0.0,108.0
MEX,6,2015,212.925,46.74,104.333,68.28
MEX,7,2015,53.231,10.48,43.649,73.28
MEX,1,2016,7.978,4.34,0.359,85.78
MEX,2,2016,21.966,7.84,0.242,60.76
MEX,3,2016,0.0,0.0,0.0,81.02
MEX,4,2016,40.649,9.67,0.976,59.94
MEX,5,2016,0.0,0.0,0.0,109.8
MEX,6,2016,222.561,48.86,109.055,69.94
MEX,7,2016,45.585,8.97,37.38,74.94
MEX,1,2017,11.154,6.06,0.502,75.48
MEX,2,2017,26.646,9.51,0.293,57.11
MEX,3,2017,0.0,0.0,0.0,75.35
MEX,4,2017,41.787,9.94,1.003,59.27
MEX,5,2017,0.0,0.0,0.0,111.6
MEX,6,2017,231.028,50.72,113.204,69.27
MEX,7,2017,37.609,7.4,30.839,74.27
MEX,1,2018,15.594,8.48,0.702,66.43
MEX,2,2018,32.323,11.53,0.356,53.68
MEX,3,2018,0.0,0.0,0.0,74.0
MEX,4,2018,42.957,10.22,1.031,56.6
MEX,5,2018,0.0,0.0,0.0,113.4
MEX,6,2018,237.719,52.19,116.482,66.6
MEX,7,2018,29.381,5.78,24.092,71.6
MEX,1,2019,21.801,11.85,0.981,58.46
MEX,2,2019,39.209,13.99,0.431,50.46
MEX,3,2019,0.0,0.0,0.0,74.0
MEX,4,2019,44.16,10.5,1.06,53.17
MEX,5,2019,0.0,0.0,0.0,115.2
MEX,6,2019,241.801,53.08,118.482,63.17
MEX,7,2019,21.026,4.14,17.241,68.17
MEX,1,2020,30.48,16.57,1.372,51.44
MEX,2,2020,47.562,16.97,0.523,47.44
MEX,3,2020,0.0,0.0,0.0,74.0
MEX,4,2020,45.396,10.8,1.09,50.6
MEX,5,2020,0.0,0.0,0.0,117.0
MEX,6,2020,242.12,53.15,118.639,60.6
MEX,7,2020,12.743,2.51,10.449,65.6
MEX,1,2021,42.613,23.16,1.918,45.27
MEX,2,2021,57.694,20.58,0.635,44.59
MEX,3,2021,0.0,0.0,0.0,74.0
MEX,4,2021,46.667,11.1,1.12,50.1
MEX,5,2021,0.0,0.0,0.0,118.8
MEX,6,2021,229.823,50.45,112.613,60.1
MEX,7,2021,12.096,2.38,9.919,65.1
MEX,1,2022,59.576,32.39,2.681,39.84
MEX,2,2022,69.985,24.97,0.77,41.91
MEX,3,2022,0.0,0.0,0.0,74.0
MEX,4,2022,47.974,11.41,1.151,51.91
MEX,5,2022,0.0,0.0,0.0,120.6
MEX,6,2022,211.134,46.35,103.456,61.91
MEX,7,2022,11.112,2.19,9.112,66.91
MEX,1,2023,83.293,45.28,3.748,36.0
MEX,2,2023,84.895,30.29,0.934,39.4
MEX,3,2023,0.0,0.0,0.0,74.0
MEX,4,2023,49.317,11.73,1.184,55.17
MEX,5,2023,0.0,0.0,0.0,122.4
MEX,6,2023,183.798,40.35,90.061,65.17
MEX,7,2023,9.674,1.9,7.933,70.17
MEX,1,2024,105.621,57.42,4.753,36.0
MEX,2,2024,102.981,36.74,1.133,37.03
MEX,3,2024,0.0,0.0,0.0,74.0
MEX,4,2024,50.698,12.06,1.217,58.35
MEX,5,2024,0.0,0.0,0.0,124.2
MEX,6,2024,155.024,34.03,75.962,68.35
MEX,7,2024,8.159,1.61,6.69,73.35
CHL,1,2005,0.12,0.07,0.005,350.0
CHL,2,2005,1.575,0.56,0.017,120.0
CHL,3,2005,0.0,0.0,0.0,180.0
CHL,4,2005,18.0,4.28,0.432,55.0
CHL,5,2005,0.0,0.0,0.0,90.0
CHL,6,2005,65.153,14.3,31.925,65.0
CHL,7,2005,65.153,12.82,53.425,70.0
CHL,1,2006,0.164,0.09,0.007,308.0
CHL,2,2006,1.87,0.67,0.021,112.8
CHL,3,2006,0.0,0.0,0.0,167.4
CHL,4,2006,18.108,4.31,0.435,58.22
CHL,5,2006,0.0,0.0,0.0,91.8
CHL,6,2006,69.302,15.21,33.958,68.22
CHL,7,2006,61.456,12.1,50.394,73.22
CHL,1,2007,0.225,0.12,0.01,271.04
CHL,2,2007,2.219,0.79,0.024,106.03
CHL,3,2007,0.0,0.0,0.0,155.68
CHL,4,2007,18.217,4.33,0.437,59.93
CHL,5,2007,0.0,0.0,0.0,93.6
CHL,6,2007,73.441,16.12,35.986,69.93
CHL,7,2007,57.704,11.36,47.317,74.93
CHL,1,2008,0.307,0.17,0.014,238.52
CHL,2,2008,2.635,0.94,0.029,99.67
CHL,3,2008,0.0,0.0,0.0,144.78
CHL,4,2008,18.326,4.36,0.44,59.32
CHL,5,2008,0.0,0.0,0.0,95.4
CHL,6,2008,77.555,17.03,38.002,69.32
CHL,7,2008,53.894,10.61,44.193,74.32
CHL,1,2009,0.42,0.23,0.019,209.89
CHL,2,2009,3.128,1.12,0.034,93.69
CHL,3,2009,0.0,0.0,0.0,134.65
CHL,4,2009,18.436,4.38,0.442,56.67
CHL,5,2009,0.0,0.0,0.0,97.2
CHL,6,2009,81.622,17.92,39.995,66.67
CHL,7,2009,50.026,9.85,41.021,71.67
CHL,1,2010,0.575,0.31,0.026,184.71
CHL,2,2010,3.713,1.32,0.041,88.07
CHL,3,2010,0.0,0.0,0.0,125.22
CHL,4,2010,18.547,4.41,0.445,53.25
CHL,5,2010,0.0,0.0,0.0,99.0
CHL,6,2010,85.618,18.8,41.953,63.25
CHL,7,2010,46.102,9.07,37.804,68.25
CHL,1,2011,0.787,0.43,0.035,162.54
CHL,2,2011,4.407,1.57,0.048,82.78
CHL,3,2011,0.0,0.0,0.0,116.46
CHL,4,2011,18.658,4.44,0.448,50.64
CHL,5,2011,0.0,0.0,0.0,100.8
CHL,6,2011,89.508,19.65,43.859,60.64
CHL,7,2011,42.121,8.29,34.539,65.64
CHL,1,2012,1.077,0.59,0.048,143.04
CHL,2,2012,5.232,1.87,0.058,77.82
CHL,3,2012,0.0,0.0,0.0,108.31
CHL,4,2012,18.77,4.46,0.45,50.09
CHL,5,2012,0.0,0.0,0.0,102.6
CHL,6,2012,93.249,20.47,45.692,60.09
CHL,7,2012,38.088,7.5,31.232,65.09
CHL,1,2013,1.473,0.8,0.066,125.87
CHL,2,2013,6.21,2.22,0.068,73.15
CHL,3,2013,0.0,0.0,0.0,100.72
CHL,4,2013,18.882,4.49,0.453,51.84
CHL,5,2013,0.0,0.0,0.0,104.4
CHL,6,2013,96.782,21.25,47.423,61.84
CHL,7,2013,34.005,6.69,27.884,66.84
CHL,1,2014,2.016,1.1,0.091,110.77
CHL,2,2014,7.372,2.63,0.081,68.76
CHL,3,2014,0.0,0.0,0.0,93.67
CHL,4,2014,18.996,4.52,0.456,55.08
CHL,5,2014,0.0,0.0,0.0,106.2
CHL,6,2014,100.033,21.96,49.016,65.08
CHL,7,2014,29.88,5.88,24.502,70.08
CHL,1,2015,2.758,1.5,0.124,97.48
CHL,2,2015,8.751,3.12,0.096,64.63
CHL,3,2015,0.0,0.0,0.0,87.12
CHL,4,2015,19.11,4.54,0.459,58.28
CHL,5,2015,0.0,0.0,0.0,108.0
CHL,6,2015,102.902,22.59,50.422,68.28
CHL,7,2015,25.726,5.06,21.095,73.28
CHL,1,2016,3.773,2.05,0.17,85.78
CHL,2,2016,10.389,3.71,0.114,60.76
CHL,3,2016,0.0,0.0,0.0,81.02
CHL,4,2016,19.224,4.57,0.461,59.94
CHL,5,2016,0.0,0.0,0.0,109.8
CHL,6,2016,105.258,23.11,51.576,69.94
CHL,7,2016,21.559,4.24,17.678,74.94
CHL,1,2017,5.162,2.81,0.232,75.48
CHL,2,2017,12.332,4.4,0.136,57.11
CHL,3,2017,0.0,0.0,0.0,75.35
CHL,4,2017,19.34,4.6,0.464,59.27
CHL,5,2017,0.0,0.0,0.0,111.6
CHL,6,2017,106.924,23.47,52.393,69.27
CHL,7,2017,17.406,3.43,14.273,74.27
CHL,1,2018,7.063,3.84,0.318,66.43
CHL,2,2018,14.639,5.22,0.161,53.68
CHL,3,2018,0.0,0.0,0.0,74.0
CHL,4,2018,19.456,4.63,0.467,56.6
CHL,5,2018,0.0,0.0,0.0,113.4
CHL,6,2018,107.666,23.64,52.756,66.6
CHL,7,2018,13.307,2.62,10.912,71.6
CHL,1,2019,9.663,5.25,0.435,58.46
CHL,2,2019,17.378,6.2,0.191,50.46
CHL,3,2019,0.0,0.0,0.0,74.0
CHL,4,2019,19.572,4.65,0.47,53.17
CHL,5,2019,0.0,0.0,0.0,115.2
CHL,6,2019,107.171,23.53,52.514,63.17
CHL,7,2019,9.319,1.83,7.642,68.17
CHL,1,2020,13.22,7.19,0.595,51.44
CHL,2,2020,20.629,7.36,0.227,47.44
CHL,3,2020,0.0,0.0,0.0,74.0
CHL,4,2020,19.69,4.68,0.473,50.6
CHL,5,2020,0.0,0.0,0.0,117.0
CHL,6,2020,105.016,23.05,51.458,60.6
CHL,7,2020,5.527,1.09,4.532,65.6
CHL,1,2021,18.087,9.83,0.814,45.27
CHL,2,2021,24.488,8.74,0.269,44.59
CHL,3,2021,0.0,0.0,0.0,74.0
CHL,4,2021,19.808,4.71,0.475,50.1
CHL,5,2021,0.0,0.0,0.0,118.8
CHL,6,2021,97.549,21.41,47.799,60.1
CHL,7,2021,5.134,1.01,4.21,65.1
CHL,1,2022,24.746,13.45,1.114,39.84
CHL,2,2022,29.07,10.37,0.32,41.91
CHL,3,2022,0.0,0.0,0.0,74.0
CHL,4,2022,19.927,4.74,0.478,51.91
CHL,5,2022,0.0,0.0,0.0,120.6
CHL,6,2022,87.698,19.25,42.972,61.91
CHL,7,2022,4.616,0.91,3.785,66.91
CHL,1,2023,33.857,18.4,1.524,36.0
CHL,2,2023,34.508,12.31,0.38,39.4
CHL,3,2023,0.0,0.0,0.0,74.0
CHL,4,2023,20.046,4.77,0.481,55.17
CHL,5,2023,0.0,0.0,0.0,122.4
CHL,6,2023,74.71,16.4,36.608,65.17
CHL,7,2023,3.932,0.77,3.224,70.17
CHL,1,2024,42.014,22.84,1.891,36.0
CHL,2,2024,40.964,14.61,0.451,37.03
CHL,3,2024,0.0,0.0,0.0,74.0
CHL,4,2024,20.167,4.8,0.484,58.35
CHL,5,2024,0.0,0.0,0.0,124.2
CHL,6,2024,61.666,13.54,30.216,68.35
CHL,7,2024,3.246,0.64,2.662,73.35
ARG,1,2005,0.12,0.07,0.005,350.0
ARG,2,2005,1.575,0.56,0.017,120.0
ARG,3,2005,0.0,0.0,0.0,180.0
ARG,4,2005,18.0,4.28,0.432,55.0
ARG,5,2005,0.0,0.0,0.0,90.0
ARG,6,2005,65.153,14.3,31.925,65.0
ARG,7,2005,65.153,12.82,53.425,70.0
ARG,1,2006,0.168,0.09,0.008,308.0
ARG,2,2006,1.911,0.68,0.021,112.8
ARG,3,2006,0.0,0.0,0.0,167.4
ARG,4,2006,18.504,4.4,0.444,58.22
ARG,5,2006,0.0,0.0,0.0,91.8
ARG,6,2006,70.817,15.55,34.7,68.22
ARG,7,2006,62.8,12.36,51.496,73.22
ARG,1,2007,0.235,0.13,0.011,271.04
ARG,2,2007,2.318,0.83,0.025,106.03
ARG,3,2007,0.0,0.0,0.0,155.68
ARG,4,2007,19.022,4.52,0.457,59.93
ARG,5,2007,0.0,0.0,0.0,93.6
ARG,6,2007,76.688,16.84,37.577,69.93
ARG,7,2007,60.255,11.86,49.409,74.93
ARG,1,2008,0.328,0.18,0.015,238.52
ARG,2,2008,2.811,1.0,0.031,99.67
ARG,3,2008,0.0,0.0,0.0,144.78
ARG,4,2008,19.555,4.65,0.469,59.32
ARG,5,2008,0.0,0.0,0.0,95.4
ARG,6,2008,82.755,18.17,40.55,69.32
ARG,7,2008,57.507,11.32,47.156,74.32
ARG,1,2009,0.458,0.25,0.021,209.89
ARG,2,2009,3.41,1.22,0.038,93.69
ARG,3,2009,0.0,0.0,0.0,134.65
ARG,4,2009,20.102,4.78,0.482,56.67
ARG,5,2009,0.0,0.0,0.0,97.2
ARG,6,2009,89.0,19.54,43.61,66.67
ARG,7,2009,54.548,10.74,44.729,71.67
ARG,1,2010,0.641,0.35,0.029,184.71
ARG,2,2010,4.137,1.48,0.046,88.07
ARG,3,2010,0.0,0.0,0.0,125.22
ARG,4,2010,20.665,4.91,0.496,53.25
ARG,5,2010,0.0,0.0,0.0,99.0
ARG,6,2010,95.398,20.94,46.745,63.25
ARG,7,2010,51.368,10.11,42.122,68.25
ARG,1,2011,0.896,0.49,0.04,162.54
ARG,2,2011,5.018,1.79,0.055,82.78
ARG,3,2011,0.0,0.0,0.0,116.46
ARG,4,2011,21.244,5.05,0.51,50.64
ARG,5,2011,0.0,0.0,0.0,100.8
ARG,6,2011,101.914,22.37,49.938,60.64
ARG,7,2011,47.959,9.44,39.326,65.64
ARG,1,2012,1.253,0.68,0.056,143.04
ARG,2,2012,6.087,2.17,0.067,77.82
ARG,3,2012,0.0,0.0,0.0,108.31
ARG,4,2012,21.839,5.19,0.524,50.09
ARG,5,2012,0.0,0.0,0.0,102.6
ARG,6,2012,108.495,23.82,53.163,60.09
ARG,7,2012,44.315,8.72,36.338,65.09
ARG,1,2013,1.752,0.95,0.079,125.87
ARG,2,2013,7.384,2.63,0.081,73.15
ARG,3,2013,0.0,0.0,0.0,100.72
ARG,4,2013,22.45,5.34,0.539,51.84
ARG,5,2013,0.0,0.0,0.0,104.4
ARG,6,2013,115.069,25.26,56.384,61.84
ARG,7,2013,40.43,7.96,33.153,66.84
ARG,1,2014,2.449,1.33,0.11,110.77
ARG,2,2014,8.957,3.2,0.099,68.76
ARG,3,2014,0.0,0.0,0.0,93.67
ARG,4,2014,23.079,5.49,0.554,55.08
ARG,5,2014,0.0,0.0,0.0,106.2
ARG,6,2014,121.535,26.68,59.552,65.08
ARG,7,2014,36.303,7.15,29.768,70.08
ARG,1,2015,3.424,1.86,0.154,97.48
ARG,2,2015,10.865,3.88,0.12,64.63
ARG,3,2015,0.0,0.0,0.0,87.12
ARG,4,2015,23.725,5.64,0.569,58.28
ARG,5,2015,0.0,0.0,0.0,108.0
ARG,6,2015,127.755,28.05,62.6,68.28
ARG,7,2015,31.939,6.29,26.19,73.28
ARG,1,2016,4.787,2.6,0.215,85.78
ARG,2,2016,13.18,4.7,0.145,60.76
ARG,3,2016,0.0,0.0,0.0,81.02
ARG,4,2016,24.389,5.8,0.585,59.94
ARG,5,2016,0.0,0.0,0.0,109.8
ARG,6,2016,133.537,29.32,65.433,69.94
ARG,7,2016,27.351,5.38,22.428,74.94
ARG,1,2017,6.692,3.64,0.301,75.48
ARG,2,2017,15.988,5.7,0.176,57.11
ARG,3,2017,0.0,0.0,0.0,75.35
ARG,4,2017,25.072,5.96,0.602,59.27
ARG,5,2017,0.0,0.0,0.0,111.6
ARG,6,2017,138.617,30.43,67.922,69.27
ARG,7,2017,22.565,4.44,18.503,74.27
ARG,1,2018,9.356,5.09,0.421,66.43
ARG,2,2018,19.394,6.92,0.213,53.68
ARG,3,2018,0.0,0.0,0.0,74.0
ARG,4,2018,25.774,6.13,0.619,56.6
ARG,5,2018,0.0,0.0,0.0,113.4
ARG,6,2018,142.632,31.31,69.89,66.6
ARG,7,2018,17.629,3.47,14.456,71.6
ARG,1,2019,13.081,7.11,0.589,58.46
ARG,2,2019,23.525,8.39,0.259,50.46
ARG,3,2019,0.0,0.0,0.0,74.0
ARG,4,2019,26.496,6.3,0.636,53.17
ARG,5,2019,0.0,0.0,0.0,115.2
ARG,6,2019,145.081,31.85,71.09,63.17
ARG,7,2019,12.616,2.48,10.345,68.17
ARG,1,2020,18.288,9.94,0.823,51.44
ARG,2,2020,28.537,10.18,0.314,47.44
ARG,3,2020,0.0,0.0,0.0,74.0
ARG,4,2020,27.238,6.48,0.654,50.6
ARG,5,2020,0.0,0.0,0.0,117.0
ARG,6,2020,145.272,31.89,71.183,60.6
ARG,7,2020,7.646,1.5,6.27,65.6
ARG,1,2021,25.568,13.9,1.151,45.27
ARG,2,2021,34.616,12.35,0.381,44.59
ARG,3,2021,0.0,0.0,0.0,74.0
ARG,4,2021,28.0,6.66,0.672,50.1
ARG,5,2021,0.0,0.0,0.0,118.8
ARG,6,2021,137.894,30.27,67.568,60.1
ARG,7,2021,7.258,1.43,5.952,65.1
ARG,1,2022,35.746,19.43,1.609,39.84
ARG,2,2022,41.991,14.98,0.462,41.91
ARG,3,2022,0.0,0.0,0.0,74.0
ARG,4,2022,28.784,6.85,0.691,51.91
ARG,5,2022,0.0,0.0,0.0,120.6
ARG,6,2022,126.68,27.81,62.073,61.91
ARG,7,2022,6.667,1.31,5.467,66.91
ARG,1,2023,49.976,27.17,2.249,36.0
ARG,2,2023,50.937,18.17,0.56,39.4
ARG,3,2023,0.0,0.0,0.0,74.0
ARG,4,2023,29.59,7.04,0.71,55.17
ARG,5,2023,0.0,0.0,0.0,122.4
ARG,6,2023,110.279,24.21,54.037,65.17
ARG,7,2023,5.804,1.14,4.759,70.17
ARG,1,2024,63.372,34.45,2.852,36.0
ARG,2,2024,61.789,22.04,0.68,37.03
ARG,3,2024,0.0,0.0,0.0,74.0
ARG,4,2024,30.419,7.23,0.73,58.35
ARG,5,2024,0.0,0.0,0.0,124.2
ARG,6,2024,93.015,20.42,45.577,68.35
ARG,7,2024,4.896,0.96,4.015,73.35
IDN,1,2005,0.096,0.05,0.004,350.0
IDN,2,2005,1.26,0.45,0.014,120.0
IDN,3,2005,0.0,0.0,0.0,180.0
IDN,4,2005,14.4,3.42,0.346,55.0
IDN,5,2005,0.0,0.0,0.0,90.0
IDN,6,2005,52.122,11.44,25.54,65.0
IDN,7,2005,52.122,10.26,42.74,70.0
IDN,1,2006,0.134,0.07,0.006,308.0
IDN,2,2006,1.528,0.55,0.017,112.8
IDN,3,2006,0.0,0.0,0.0,167.4
IDN,4,2006,14.803,3.52,0.355,58.22
IDN,5,2006,0.0,0.0,0.0,91.8
IDN,6,2006,56.654,12.44,27.76,68.22
IDN,7,2006,50.24,9.89,41.197,73.22
IDN,1,2007,0.188,0.1,0.008,271.04
IDN,2,2007,1.854,0.66,0.02,106.03
IDN,3,2007,0.0,0.0,0.0,155.68
IDN,4,2007,15.218,3.62,0.365,59.93
IDN,5,2007,0.0,0.0,0.0,93.6
IDN,6,2007,61.351,13.47,30.062,69.93
IDN,7,2007,48.204,9.49,39.527,74.93
IDN,1,2008,0.262,0.14,0.012,238.52
IDN,2,2008,2.249,0.8,0.025,99.67
IDN,3,2008,0.0,0.0,0.0,144.78
IDN,4,2008,15.644,3.72,0.375,59.32
IDN,5,2008,0.0,0.0,0.0,95.4
IDN,6,2008,66.204,14.53,32.44,69.32
IDN,7,2008,46.006,9.05,37.725,74.32
IDN,1,2009,0.367,0.2,0.017,209.89
IDN,2,2009,2.728,0.97,0.03,93.69
IDN,3,2009,0.0,0.0,0.0,134.65
IDN,4,2009,16.082,3.82,0.386,56.67
IDN,5,2009,0.0,0.0,0.0,97.2
IDN,6,2009,71.2,15.63,34.888,66.67
IDN,7,2009,43.639,8.59,35.784,71.67
IDN,1,2010,0.513,0.28,0.023,184.71
IDN,2,2010,3.309,1.18,0.036,88.07
IDN,3,2010,0.0,0.0,0.0,125.22
IDN,4,2010,16.532,3.93,0.397,53.25
IDN,5,2010,0.0,0.0,0.0,99.0
IDN,6,2010,76.319,16.75,37.396,63.25
IDN,7,2010,41.095,8.09,33.698,68.25
IDN,1,2011,0.717,0.39,0.032,162.54
IDN,2,2011,4.014,1.43,0.044,82.78
IDN,3,2011,0.0,0.0,0.0,116.46
IDN,4,2011,16.995,4.04,0.408,50.64
IDN,5,2011,0.0,0.0,0.0,100.8
IDN,6,2011,81.531,17.9,39.95,60.64
IDN,7,2011,38.368,7.55,31.462,65.64
IDN,1,2012,1.002,0.54,0.045,143.04
IDN,2,2012,4.87,1.74,0.054,77.82
IDN,3,2012,0.0,0.0,0.0,108.31
IDN,4,2012,17.471,4.16,0.419,50.09
IDN,5,2012,0.0,0.0,0.0,102.6
IDN,6,2012,86.796,19.05,42.53,60.09
IDN,7,2012,35.452,6.98,29.071,65.09
IDN,1,2013,1.401,0.76,0.063,125.87
IDN,2,2013,5.907,2.11,0.065,73.15
IDN,3,2013,0.0,0.0,0.0,100.72
IDN,4,2013,17.96,4.27,0.431,51.84
IDN,5,2013,0.0,0.0,0.0,104.4
IDN,6,2013,92.055,20.21,45.107,61.84
IDN,7,2013,32.344,6.37,26.522,66.84
IDN,1,2014,1.959,1.06,0.088,110.77
IDN,2,2014,7.166,2.56,0.079,68.76
IDN,3,2014,0.0,0.0,0.0,93.67
IDN,4,2014,18.463,4.39,0.443,55.08
IDN,5,2014,0.0,0.0,0.0,106.2
IDN,6,2014,97.228,21.34,47.642,65.08
IDN,7,2014,29.042,5.72,23.814,70.08
IDN,1,2015,2.739,1.49,0.123,97.48
IDN,2,2015,8.692,3.1,0.096,64.63
IDN,3,2015,0.0,0.0,0.0,87.12
IDN,4,2015,18.98,4.51,0.456,58.28
IDN,5,2015,0.0,0.0,0.0,108.0
IDN,6,2015,102.204,22.44,50.08,68.28
IDN,7,2015,25.551,5.03,20.952,73.28
IDN,1,2016,3.829,2.08,0.172,85.78
IDN,2,2016,10.544,3.76,0.116,60.76
IDN,3,2016,0.0,0.0,0.0,81.02
IDN,4,2016,19.511,4.64,0.468,59.94
IDN,5,2016,0.0,0.0,0.0,109.8
IDN,6,2016,106.829,23.45,52.346,69.94
IDN,7,2016,21.881,4.31,17.942,74.94
IDN,1,2017,5.354,2.91,0.241,75.48
IDN,2,2017,12.79,4.56,0.141,57.11
IDN,3,2017,0.0,0.0,0.0,75.35
IDN,4,2017,20.058,4.77,0.481,59.27
IDN,5,2017,0.0,0.0,0.0,111.6
IDN,6,2017,110.893,24.34,54.338,69.27
IDN,7,2017,18.052,3.55,14.803,74.27
IDN,1,2018,7.485,4.07,0.337,66.43
IDN,2,2018,15.515,5.53,0.171,53.68
IDN,3,2018,0.0,0.0,0.0,74.0
IDN,4,2018,20.619,4.9,0.495,56.6
IDN,5,2018,0.0,0.0,0.0,113.4
IDN,6,2018,114.105,25.05,55.911,66.6
IDN,7,2018,14.103,2.78,11.564,71.6
IDN,1,2019,10.465,5.69,0.471,58.46
IDN,2,2019,18.82,6.71,0.207,50.46
IDN,3,2019,0.0,0.0,0.0,74.0
IDN,4,2019,21.197,5.04,0.509,53.17
IDN,5,2019,0.0,0.0,0.0,115.2
IDN,6,2019,116.064,25.48,56.871,63.17
IDN,7,2019,10.093,1.99,8.276,68.17
IDN,1,2020,14.63,7.95,0.658,51.44
IDN,2,2020,22.83,8.14,0.251,47.44
IDN,3,2020,0.0,0.0,0.0,74.0
IDN,4,2020,21.79,5.18,0.523,50.6
IDN,5,2020,0.0,0.0,0.0,117.0
IDN,6,2020,116.218,25.51,56.947,60.6
IDN,7,2020,6.117,1.2,5.016,65.6
IDN,1,2021,20.454,11.12,0.92,45.27
IDN,2,2021,27.693,9.88,0.305,44.59
IDN,3,2021,0.0,0.0,0.0,74.0
IDN,4,2021,22.4,5.33,0.538,50.1
IDN,5,2021,0.0,0.0,0.0,118.8
IDN,6,2021,110.315,24.22,54.054,60.1
IDN,7,2021,5.806,1.14,4.761,65.1
IDN,1,2022,28.597,15.55,1.287,39.84
IDN,2,2022,33.593,11.98,0.37,41.91
IDN,3,2022,0.0,0.0,0.0,74.0
IDN,4,2022,23.027,5.48,0.553,51.91
IDN,5,2022,0.0,0.0,0.0,120.6
IDN,6,2022,101.344,22.25,49.659,61.91
IDN,7,2022,5.334,1.05,4.374,66.91
IDN,1,2023,39.98,21.73,1.799,36.0
IDN,2,2023,40.75,14.54,0.448,39.4
IDN,3,2023,0.0,0.0,0.0,74.0
IDN,4,2023,23.672,5.63,0.568,55.17
IDN,5,2023,0.0,0.0,0.0,122.4
IDN,6,2023,88.223,19.37,43.229,65.17
IDN,7,2023,4.643,0.91,3.807,70.17
IDN,1,2024,50.698,27.56,2.281,36.0
IDN,2,2024,49.431,17.63,0.544,37.03
IDN,3,2024,0.0,0.0,0.0,74.0
IDN,4,2024,24.335,5.79,0.584,58.35
IDN,5,2024,0.0,0.0,0.0,124.2
IDN,6,2024,74.412,16.34,36.462,68.35
IDN,7,2024,3.916,0.77,3.211,73.35
VNM,1,2005,0.12,0.07,0.005,350.0
VNM,2,2005,1.575,0.56,0.017,120.0
VNM,3,2005,0.0,0.0,0.0,180.0
VNM,4,2005,18.0,4.28,0.432,55.0
VNM,5,2005,0.0,0.0,0.0,90.0
VNM,6,2005,65.153,14.3,31.925,65.0
VNM,7,2005,65.153,12.82,53.425,70.0
VNM,1,2006,0.171,0.09,0.008,308.0
VNM,2,2006,1.948,0.69,0.021,112.8
VNM,3,2006,0.0,0.0,0.0,167.4
VNM,4,2006,18.864,4.49,0.453,58.22
VNM,5,2006,0.0,0.0,0.0,91.8
VNM,6,2006,72.195,15.85,35.376,68.22
VNM,7,2006,64.022,12.6,52.498,73.22
VNM,1,2007,0.244,0.13,0.011,271.04
VNM,2,2007,2.409,0.86,0.026,106.03
VNM,3,2007,0.0,0.0,0.0,155.68
VNM,4,2007,19.769,4.7,0.474,59.93
VNM,5,2007,0.0,0.0,0.0,93.6
VNM,6,2007,79.701,17.5,39.053,69.93
VNM,7,2007,62.622,12.33,51.35,74.93
VNM,1,2008,0.347,0.19,0.016,238.52
VNM,2,2008,2.979,1.06,0.033,99.67
VNM,3,2008,0.0,0.0,0.0,144.78
VNM,4,2008,20.718,4.93,0.497,59.32
VNM,5,2008,0.0,0.0,0.0,95.4
VNM,6,2008,87.679,19.25,42.963,69.32
VNM,7,2008,60.93,11.99,49.963,74.32
VNM,1,2009,0.495,0.27,0.022,209.89
VNM,2,2009,3.683,1.31,0.041,93.69
VNM,3,2009,0.0,0.0,0.0,134.65
VNM,4,2009,21.713,5.16,0.521,56.67
VNM,5,2009,0.0,0.0,0.0,97.2
VNM,6,2009,96.131,21.1,47.104,66.67
VNM,7,2009,58.919,11.6,48.314,71.67
VNM,1,2010,0.706,0.38,0.032,184.71
VNM,2,2010,4.555,1.62,0.05,88.07
VNM,3,2010,0.0,0.0,0.0,125.22
VNM,4,2010,22.755,5.41,0.546,53.25
VNM,5,2010,0.0,0.0,0.0,99.0
VNM,6,2010,105.046,23.06,51.473,63.25
VNM,7,2010,56.563,11.13,46.382,68.25
VNM,1,2011,1.006,0.55,0.045,162.54
VNM,2,2011,5.633,2.01,0.062,82.78
VNM,3,2011,0.0,0.0,0.0,116.46
VNM,4,2011,23.847,5.67,0.572,50.64
VNM,5,2011,0.0,0.0,0.0,100.8
VNM,6,2011,114.404,25.12,56.058,60.64
VNM,7,2011,53.837,10.6,44.146,65.64
VNM,1,2012,1.434,0.78,0.065,143.04
VNM,2,2012,6.966,2.49,0.077,77.82
VNM,3,2012,0.0,0.0,0.0,108.31
VNM,4,2012,24.992,5.94,0.6,50.09
VNM,5,2012,0.0,0.0,0.0,102.6
VNM,6,2012,124.161,27.26,60.839,60.09
VNM,7,2012,50.714,9.98,41.585,65.09
VNM,1,2013,2.044,1.11,0.092,125.87
VNM,2,2013,8.614,3.07,0.095,73.15
VNM,3,2013,0.0,0.0,0.0,100.72
VNM,4,2013,26.192,6.23,0.629,51.84
VNM,5,2013,0.0,0.0,0.0,104.4
VNM,6,2013,134.246,29.47,65.781,61.84
VNM,7,2013,47.168,9.28,38.678,66.84
VNM,1,2014,2.913,1.58,0.131,110.77
VNM,2,2014,10.653,3.8,0.117,68.76
VNM,3,2014,0.0,0.0,0.0,93.67
VNM,4,2014,27.449,6.53,0.659,55.08
VNM,5,2014,0.0,0.0,0.0,106.2
VNM,6,2014,144.549,31.73,70.829,65.08
VNM,7,2014,43.177,8.5,35.405,70.08
VNM,1,2015,4.151,2.26,0.187,97.48
VNM,2,2015,13.174,4.7,0.145,64.63
VNM,3,2015,0.0,0.0,0.0,87.12
VNM,4,2015,28.766,6.84,0.69,58.28
VNM,5,2015,0.0,0.0,0.0,108.0
VNM,6,2015,154.903,34.01,75.902,68.28
VNM,7,2015,38.726,7.62,31.755,73.28
VNM,1,2016,5.917,3.22,0.266,85.78
VNM,2,2016,16.291,5.81,0.179,60.76
VNM,3,2016,0.0,0.0,0.0,81.02
VNM,4,2016,30.147,7.17,0.724,59.94
VNM,5,2016,0.0,0.0,0.0,109.8
VNM,6,2016,165.063,36.24,80.881,69.94
VNM,7,2016,33.808,6.65,27.723,74.94
VNM,1,2017,8.433,4.58,0.379,75.48
VNM,2,2017,20.147,7.19,0.222,57.11
VNM,3,2017,0.0,0.0,0.0,75.35
VNM,4,2017,31.594,7.51,0.758,59.27
VNM,5,2017,0.0,0.0,0.0,111.6
VNM,6,2017,174.676,38.35,85.591,69.27
VNM,7,2017,28.436,5.6,23.318,74.27
VNM,1,2018,12.019,6.53,0.541,66.43
VNM,2,2018,24.914,8.89,0.274,53.68
VNM,3,2018,0.0,0.0,0.0,74.0
VNM,4,2018,33.111,7.87,0.795,56.6
VNM,5,2018,0.0,0.0,0.0,113.4
VNM,6,2018,183.232,40.22,89.784,66.6
VNM,7,2018,22.647,4.46,18.571,71.6
VNM,1,2019,17.131,9.31,0.771,58.46
VNM,2,2019,30.81,10.99,0.339,50.46
VNM,3,2019,0.0,0.0,0.0,74.0
VNM,4,2019,34.7,8.25,0.833,53.17
VNM,5,2019,0.0,0.0,0.0,115.2
VNM,6,2019,190.004,41.71,93.102,63.17
VNM,7,2019,16.522,3.25,13.548,68.17
VNM,1,2020,24.417,13.27,1.099,51.44
VNM,2,2020,38.1,13.59,0.419,47.44
VNM,3,2020,0.0,0.0,0.0,74.0
VNM,4,2020,36.366,8.65,0.873,50.6
VNM,5,2020,0.0,0.0,0.0,117.0
VNM,6,2020,193.956,42.58,95.038,60.6
VNM,7,2020,10.208,2.01,8.371,65.6
VNM,1,2021,34.8,18.92,1.566,45.27
VNM,2,2021,47.117,16.81,0.518,44.59
VNM,3,2021,0.0,0.0,0.0,74.0
VNM,4,2021,38.111,9.06,0.915,50.1
VNM,5,2021,0.0,0.0,0.0,118.8
VNM,6,2021,187.687,41.2,91.967,60.1
VNM,7,2021,9.878,1.94,8.1,65.1
VNM,1,2022,49.6,26.96,2.232,39.84
VNM,2,2022,58.266,20.79,0.641,41.91
VNM,3,2022,0.0,0.0,0.0,74.0
VNM,4,2022,39.941,9.5,0.959,51.91
VNM,5,2022,0.0,0.0,0.0,120.6
VNM,6,2022,175.78,38.59,86.132,61.91
VNM,7,2022,9.252,1.82,7.587,66.91
VNM,1,2023,70.694,38.43,3.181,36.0
VNM,2,2023,72.054,25.7,0.793,39.4
VNM,3,2023,0.0,0.0,0.0,74.0
VNM,4,2023,41.858,9.95,1.005,55.17
VNM,5,2023,0.0,0.0,0.0,122.4
VNM,6,2023,155.998,34.25,76.439,65.17
VNM,7,2023,8.21,1.62,6.732,70.17
VNM,1,2024,91.389,49.68,4.113,36.0
VNM,2,2024,89.105,31.79,0.98,37.03
VNM,3,2024,0.0,0.0,0.0,74.0
VNM,4,2024,43.867,10.43,1.053,58.35
VNM,5,2024,0.0,0.0,0.0,124.2
VNM,6,2024,134.136,29.45,65.727,68.35
VNM,7,2024,7.06,1.39,5.789,73.35
TUR,1,2005,0.128,0.07,0.006,350.0
TUR,2,2005,1.68,0.6,0.018,120.0
TUR,3,2005,0.0,0.0,0.0,180.0
TUR,4,2005,19.2,4.57,0.461,55.0
TUR,5,2005,0.0,0.0,0.0,90.0
TUR,6,2005,69.496,15.26,34.053,65.0
TUR,7,2005,69.496,13.68,56.987,70.0
TUR,1,2006,0.179,0.1,0.008,308.0
TUR,2,2006,2.038,0.73,0.022,112.8
TUR,3,2006,0.0,0.0,0.0,167.4
TUR,4,2006,19.738,4.69,0.474,58.22
TUR,5,2006,0.0,0.0,0.0,91.8
TUR,6,2006,75.539,16.58,37.014,68.22
TUR,7,2006,66.987,13.18,54.929,73.22
TUR,1,2007,0.25,0.14,0.011,271.04
TUR,2,2007,2.472,0.88,0.027,106.03
TUR,3,2007,0.0,0.0,0.0,155.68
TUR,4,2007,20.29,4.83,0.487,59.93
TUR,5,2007,0.0,0.0,0.0,93.6
TUR,6,2007,81.801,17.96,40.082,69.93
TUR,7,2007,64.272,12.65,52.703,74.93
TUR,1,2008,0.35,0.19,0.016,238.52
TUR,2,2008,2.999,1.07,0.033,99.67
TUR,3,2008,0.0,0.0,0.0,144.78
TUR,4,2008,20.858,4.96,0.501,59.32
TUR,5,2008,0.0,0.0,0.0,95.4
TUR,6,2008,88.272,19.38,43.253,69.32
TUR,7,2008,61.341,12.07,50.3,74.32
TUR,1,2009,0.489,0.27,0.022,209.89
TUR,2,2009,3.638,1.3,0.04,93.69
TUR,3,2009,0.0,0.0,0.0,134.65
TUR,4,2009,21.442,5.1,0.515,56.67
TUR,5,2009,0.0,0.0,0.0,97.2
TUR,6,2009,94.933,20.84,46.517,66.67
TUR,7,2009,58.185,11.45,47.712,71.67
TUR,1,2010,0.684,0.37,0.031,184.71
TUR,2,2010,4.413,1.57,0.049,88.07
TUR,3,2010,0.0,0.0,0.0,125.22
TUR,4,2010,22.043,5.24,0.529,53.25
TUR,5,2010,0.0,0.0,0.0,99.0
TUR,6,2010,101.758,22.34,49.861,63.25
TUR,7,2010,54.793,10.78,44.93,68.25
TUR,1,2011,0.956,0.52,0.043,162.54
TUR,2,2011,5.353,1.91,0.059,82.78
TUR,3,2011,0.0,0.0,0.0,116.46
TUR,4,2011,22.66,5.39,0.544,50.64
TUR,5,2011,0.0,0.0,0.0,100.8
TUR,6,2011,108.708,23.86,53.267,60.64
TUR,7,2011,51.157,10.07,41.949,65.64
TUR,1,2012,1.336,0.73,0.06,143.04
TUR,2,2012,6.493,2.32,0.071,77.82
TUR,3,2012,0.0,0.0,0.0,108.31
TUR,4,2012,23.294,5.54,0.559,50.09
TUR,5,2012,0.0,0.0,0.0,102.6
TUR,6,2012,115.728,25.41,56.707,60.09
TUR,7,2012,47.269,9.3,38.761,65.09
TUR,1,2013,1.868,1.02,0.084,125.87
TUR,2,2013,7.876,2.81,0.087,73.15
TUR,3,2013,0.0,0.0,0.0,100.72
TUR,4,2013,23.947,5.7,0.575,51.84
TUR,5,2013,0.0,0.0,0.0,104.4
TUR,6,2013,122.74,26.95,60.143,61.84
TUR,7,2013,43.125,8.49,35.362,66.84
TUR,1,2014,2.612,1.42,0.118,110.77
TUR,2,2014,9.554,3.41,0.105,68.76
TUR,3,2014,0.0,0.0,0.0,93.67
TUR,4,2014,24.617,5.85,0.591,55.08
TUR,5,2014,0.0,0.0,0.0,106.2
TUR,6,2014,129.637,28.46,63.522,65.08
TUR,7,2014,38.723,7.62,31.753,70.08
TUR,1,2015,3.652,1.99,0.164,97.48
TUR,2,2015,11.589,4.13,0.127,64.63
TUR,3,2015,0.0,0.0,0.0,87.12
TUR,4,2015,25.307,6.02,0.607,58.28
TUR,5,2015,0.0,0.0,0.0,108.0
TUR,6,2015,136.272,29.92,66.773,68.28
TUR,7,2015,34.068,6.71,27.936,73.28
TUR,1,2016,5.106,2.78,0.23,85.78
TUR,2,2016,14.058,5.01,0.155,60.76
TUR,3,2016,0.0,0.0,0.0,81.02
TUR,4,2016,26.015,6.19,0.624,59.94
TUR,5,2016,0.0,0.0,0.0,109.8
TUR,6,2016,142.439,31.27,69.795,69.94
TUR,7,2016,29.174,5.74,23.923,74.94
TUR,1,2017,7.138,3.88,0.321,75.48
TUR,2,2017,17.053,6.08,0.188,57.11
TUR,3,2017,0.0,0.0,0.0,75.35
TUR,4,2017,26.744,6.36,0.642,59.27
TUR,5,2017,0.0,0.0,0.0,111.6
TUR,6,2017,147.858,32.46,72.45,69.27
TUR,7,2017,24.07,4.74,19.737,74.27
TUR,1,2018,9.98,5.43,0.449,66.43
TUR,2,2018,20.686,7.38,0.228,53.68
TUR,3,2018,0.0,0.0,0.0,74.0
TUR,4,2018,27.492,6.54,0.66,56.6
TUR,5,2018,0.0,0.0,0.0,113.4
TUR,6,2018,152.14,33.4,74.549,66.6
TUR,7,2018,18.804,3.7,15.419,71.6
TUR,1,2019,13.953,7.58,0.628,58.46
TUR,2,2019,25.093,8.95,0.276,50.46
TUR,3,2019,0.0,0.0,0.0,74.0
TUR,4,2019,28.262,6.72,0.678,53.17
TUR,5,2019,0.0,0.0,0.0,115.2
TUR,6,2019,154.753,33.97,75.829,63.17
TUR,7,2019,13.457,2.65,11.035,68.17
TUR,1,2020,19.507,10.6,0.878,51.44
TUR,2,2020,30.439,10.86,0.335,47.44
TUR,3,2020,0.0,0.0,0.0,74.0
TUR,4,2020,29.053,6.91,0.697,50.6
TUR,5,2020,0.0,0.0,0.0,117.0
TUR,6,2020,154.957,34.02,75.929,60.6
TUR,7,2020,8.156,1.61,6.688,65.6
TUR,1,2021,27.272,14.82,1.227,45.27
TUR,2,2021,36.924,13.17,0.406,44.59
TUR,3,2021,0.0,0.0,0.0,74.0
TUR,4,2021,29.867,7.1,0.717,50.1
TUR,5,2021,0.0,0.0,0.0,118.8
TUR,6,2021,147.086,32.29,72.072,60.1
TUR,7,2021,7.741,1.52,6.348,65.1
TUR,1,2022,38.129,20.73,1.716,39.84
TUR,2,2022,44.791,15.98,0.493,41.91
TUR,3,2022,0.0,0.0,0.0,74.0
TUR,4,2022,30.703,7.3,0.737,51.91
TUR,5,2022,0.0,0.0,0.0,120.6
TUR,6,2022,135.126,29.66,66.212,61.91
TUR,7,2022,7.112,1.4,5.832,66.91
TUR,1,2023,53.307,28.98,2.399,36.0
TUR,2,2023,54.333,19.38,0.598,39.4
TUR,3,2023,0.0,0.0,0.0,74.0
TUR,4,2023,31.563,7.51,0.758,55.17
TUR,5,2023,0.0,0.0,0.0,122.4
TUR,6,2023,117.63,25.82,57.639,65.17
TUR,7,2023,6.191,1.22,5.077,70.17
TUR,1,2024,67.597,36.75,3.042,36.0
TUR,2,2024,65.908,23.51,0.725,37.03
TUR,3,2024,0.0,0.0,0.0,74.0
TUR,4,2024,32.447,7.72,0.779,58.35
TUR,5,2024,0.0,0.0,0.0,124.2
TUR,6,2024,99.215,21.78,48.615,68.35
TUR,7,2024,5.222,1.03,4.282,73.35
POL,1,2005,0.124,0.07,0.006,350.0
POL,2,2005,1.627,0.58,0.018,120.0
POL,3,2005,0.0,0.0,0.0,180.0
POL,4,2005,18.6,4.42,0.446,55.0
POL,5,2005,0.0,0.0,0.0,90.0
POL,6,2005,26.93,5.91,13.196,65.0
POL,7,2005,107.719,21.2,88.33,70.0
POL,1,2006,0.17,0.09,0.008,308.0
POL,2,2006,1.932,0.69,0.021,112.8
POL,3,2006,0.0,0.0,0.0,167.4
POL,4,2006,18.712,4.45,0.449,58.22
POL,5,2006,0.0,0.0,0.0,91.8
POL,6,2006,29.455,6.47,14.433,68.22
POL,7,2006,105.661,20.8,86.642,73.22
POL,1,2007,0.232,0.13,0.01,271.04
POL,2,2007,2.293,0.82,0.025,106.03
POL,3,2007,0.0,0.0,0.0,155.68
POL,4,2007,18.824,4.48,0.452,59.93
POL,5,2007,0.0,0.0,0.0,93.6
POL,6,2007,31.982,7.02,15.671,69.93
POL,7,2007,103.534,20.38,84.898,74.93
POL,1,2008,0.318,0.17,0.014,238.52
POL,2,2008,2.722,0.97,0.03,99.67
POL,3,2008,0.0,0.0,0.0,144.78
POL,4,2008,18.937,4.5,0.454,59.32
POL,5,2008,0.0,0.0,0.0,95.4
POL,6,2008,34.501,7.57,16.905,69.32
POL,7,2008,101.329,19.94,83.09,74.32
POL,1,2009,0.434,0.24,0.02,209.89
POL,2,2009,3.232,1.15,0.036,93.69
POL,3,2009,0.0,0.0,0.0,134.65
POL,4,2009,19.05,4.53,0.457,56.67
POL,5,2009,0.0,0.0,0.0,97.2
POL,6,2009,37.002,8.12,18.131,66.67
POL,7,2009,99.035,19.49,81.209,71.67
POL,1,2010,0.594,0.32,0.027,184.71
POL,2,2010,3.836,1.37,0.042,88.07
POL,3,2010,0.0,0.0,0.0,125.22
POL,4,2010,19.165,4.56,0.46,53.25
POL,5,2010,0.0,0.0,0.0,99.0
POL,6,2010,39.472,8.67,19.341,63.25
POL,7,2010,96.639,19.02,79.244,68.25
POL,1,2011,0.813,0.44,0.037,162.54
POL,2,2011,4.554,1.62,0.05,82.78
POL,3,2011,0.0,0.0,0.0,116.46
POL,4,2011,19.28,4.59,0.463,50.64
POL,5,2011,0.0,0.0,0.0,100.8
POL,6,2011,41.893,9.2,20.528,60.64
POL,7,2011,94.124,18.53,77.182,65.64
POL,1,2012,1.113,0.61,0.05,143.04
POL,2,2012,5.406,1.93,0.059,77.82
POL,3,2012,0.0,0.0,0.0,108.31
POL,4,2012,19.395,4.61,0.465,50.09
POL,5,2012,0.0,0.0,0.0,102.6
POL,6,2012,44.243,9.71,21.679,60.09
POL,7,2012,91.471,18.0,75.006,65.09
POL,1,2013,1.522,0.83,0.068,125.87
POL,2,2013,6.417,2.29,0.071,73.15
POL,3,2013,0.0,0.0,0.0,100.72
POL,4,2013,19.512,4.64,0.468,51.84
POL,5,2013,0.0,0.0,0.0,104.4
POL,6,2013,46.49,10.21,22.78,61.84
POL,7,2013,88.656,17.45,72.698,66.84
POL,1,2014,2.083,1.13,0.094,110.77
POL,2,2014,7.618,2.72,0.084,68.76
POL,3,2014,0.0,0.0,0.0,93.67
POL,4,2014,19.629,4.67,0.471,55.08
POL,5,2014,0.0,0.0,0.0,106.2
POL,6,2014,48.596,10.67,23.812,65.08
POL,7,2014,85.648,16.86,70.231,70.08
POL,1,2015,2.85,1.55,0.128,97.48
POL,2,2015,9.043,3.23,0.099,64.63
POL,3,2015,0.0,0.0,0.0,87.12
POL,4,2015,19.747,4.7,0.474,58.28
POL,5,2015,0.0,0.0,0.0,108.0
POL,6,2015,50.508,11.09,24.749,68.28
POL,7,2015,82.408,16.22,67.575,73.28
POL,1,2016,3.899,2.12,0.175,85.78
POL,2,2016,10.735,3.83,0.118,60.76
POL,3,2016,0.0,0.0,0.0,81.02
POL,4,2016,19.865,4.72,0.477,59.94
POL,5,2016,0.0,0.0,0.0,109.8
POL,6,2016,52.155,11.45,25.556,69.94
POL,7,2016,78.888,15.53,64.688,74.94
POL,1,2017,5.334,2.9,0.24,75.48
POL,2,2017,12.743,4.55,0.14,57.11
POL,3,2017,0.0,0.0,0.0,75.35
POL,4,2017,19.984,4.75,0.48,59.27
POL,5,2017,0.0,0.0,0.0,111.6
POL,6,2017,53.445,11.73,26.188,69.27
POL,7,2017,75.029,14.77,61.524,74.27
POL,1,2018,7.298,3.97,0.328,66.43
POL,2,2018,15.127,5.4,0.166,53.68
POL,3,2018,0.0,0.0,0.0,74.0
POL,4,2018,20.104,4.78,0.482,56.6
POL,5,2018,0.0,0.0,0.0,113.4
POL,6,2018,54.252,11.91,26.583,66.6
POL,7,2018,70.753,13.93,58.017,71.6
POL,1,2019,9.985,5.43,0.449,58.46
POL,2,2019,17.957,6.41,0.198,50.46
POL,3,2019,0.0,0.0,0.0,74.0
POL,4,2019,20.225,4.81,0.485,53.17
POL,5,2019,0.0,0.0,0.0,115.2
POL,6,2019,54.409,11.94,26.66,63.17
POL,7,2019,65.965,12.98,54.091,68.17
POL,1,2020,13.661,7.43,0.615,51.44
POL,2,2020,21.317,7.6,0.234,47.44
POL,3,2020,0.0,0.0,0.0,74.0
POL,4,2020,20.346,4.84,0.488,50.6
POL,5,2020,0.0,0.0,0.0,117.0
POL,6,2020,53.687,11.79,26.307,60.6
POL,7,2020,60.541,11.92,49.644,65.6
POL,1,2021,18.69,10.16,0.841,45.27
POL,2,2021,25.305,9.03,0.278,44.59
POL,3,2021,0.0,0.0,0.0,74.0
POL,4,2021,20.468,4.87,0.491,50.1
POL,5,2021,0.0,0.0,0.0,118.8
POL,6,2021,51.78,11.37,25.372,60.1
POL,7,2021,54.326,10.69,44.547,65.1
POL,1,2022,25.571,13.9,1.151,39.84
POL,2,2022,30.039,10.72,0.33,41.91
POL,3,2022,0.0,0.0,0.0,74.0
POL,4,2022,20.591,4.9,0.494,51.91
POL,5,2022,0.0,0.0,0.0,120.6
POL,6,2022,48.268,10.6,23.651,61.91
POL,7,2022,47.123,9.27,38.641,66.91
POL,1,2023,34.985,19.02,1.574,36.0
POL,2,2023,35.658,12.72,0.392,39.4
POL,3,2023,0.0,0.0,0.0,74.0
POL,4,2023,20.715,4.93,0.497,55.17
POL,5,2023,0.0,0.0,0.0,122.4
POL,6,2023,42.582,9.35,20.865,65.17
POL,7,2023,38.681,7.61,31.718,70.17
POL,1,2024,43.414,23.6,1.954,36.0
POL,2,2024,42.329,15.1,0.466,37.03
POL,3,2024,0.0,0.0,0.0,74.0
POL,4,2024,20.839,4.96,0.5,58.35
POL,5,2024,0.0,0.0,0.0,124.2
POL,6,2024,36.355,7.98,17.814,68.35
POL,7,2024,30.72,6.05,25.19,73.35
BEL,1,2005,0.12,0.07,0.005,350.0
BEL,2,2005,1.575,0.56,0.017,120.0
BEL,3,2005,0.0,0.0,0.0,180.0
BEL,4,2005,18.0,4.28,0.432,55.0
BEL,5,2005,0.0,0.0,0.0,90.0
BEL,6,2005,65.153,14.3,31.925,65.0
BEL,7,2005,65.153,12.82,53.425,70.0
BEL,1,2006,0.164,0.09,0.007,308.0
BEL,2,2006,1.87,0.67,0.021,112.8
BEL,3,2006,0.0,0.0,0.0,167.4
BEL,4,2006,18.108,4.31,0.435,58.22
BEL,5,2006,0.0,0.0,0.0,91.8
BEL,6,2006,69.302,15.21,33.958,68.22
BEL,7,2006,61.456,12.1,50.394,73.22
BEL,1,2007,0.225,0.12,0.01,271.04
BEL,2,2007,2.219,0.79,0.024,106.03
BEL,3,2007,0.0,0.0,0.0,155.68
BEL,4,2007,18.217,4.33,0.437,59.93
BEL,5,2007,0.0,0.0,0.0,93.6
BEL,6,2007,73.441,16.12,35.986,69.93
BEL,7,2007,57.704,11.36,47.317,74.93
BEL,1,2008,0.307,0.17,0.014,238.52
BEL,2,2008,2.635,0.94,0.029,99.67
BEL,3,2008,0.0,0.0,0.0,144.78
BEL,4,2008,18.326,4.36,0.44,59.32
BEL,5,2008,0.0,0.0,0.0,95.4
BEL,6,2008,77.555,17.03,38.002,69.32
BEL,7,2008,53.894,10.61,44.193,74.32
BEL,1,2009,0.42,0.23,0.019,209.89
BEL,2,2009,3.128,1.12,0.034,93.69
BEL,3,2009,0.0,0.0,0.0,134.65
BEL,4,2009,18.436,4.38,0.442,56.67
BEL,5,2009,0.0,0.0,0.0,97.2
BEL,6,2009,81.622,17.92,39.995,66.67
BEL,7,2009,50.026,9.85,41.021,71.67
BEL,1,2010,0.575,0.31,0.026,184.71
BEL,2,2010,3.713,1.32,0.041,88.07
BEL,3,2010,0.0,0.0,0.0,125.22
BEL,4,2010,18.547,4.41,0.445,53.25
BEL,5,2010,0.0,0.0,0.0,99.0
BEL,6,2010,85.618,18.8,41.953,63.25
BEL,7,2010,46.102,9.07,37.804,68.25
BEL,1,2011,0.787,0.43,0.035,162.54
BEL,2,2011,4.407,1.57,0.048,82.78
BEL,3,2011,0.0,0.0,0.0,116.46
BEL,4,2011,18.658,4.44,0.448,50.64
BEL,5,2011,0.0,0.0,0.0,100.8
BEL,6,2011,89.508,19.65,43.859,60.64
BEL,7,2011,42.121,8.29,34.539,65.64
BEL,1,2012,1.077,0.59,0.048,143.04
BEL,2,2012,5.232,1.87,0.058,77.82
BEL,3,2012,0.0,0.0,0.0,108.31
BEL,4,2012,18.77,4.46,0.45,50.09
BEL,5,2012,0.0,0.0,0.0,102.6
BEL,6,2012,93.249,20.47,45.692,60.09
BEL,7,2012,38.088,7.5,31.232,65.09
BEL,1,2013,1.473,0.8,0.066,125.87
BEL,2,2013,6.21,2.22,0.068,73.15
BEL,3,2013,0.0,0.0,0.0,100.72
BEL,4,2013,18.882,4.49,0.453,51.84
BEL,5,2013,0.0,0.0,0.0,104.4
BEL,6,2013,96.782,21.25,47.423,61.84
BEL,7,2013,34.005,6.69,27.884,66.84
BEL,1,2014,2.016,1.1,0.091,110.77
BEL,2,2014,7.372,2.63,0.081,68.76
BEL,3,2014,0.0,0.0,0.0,93.67
BEL,4,2014,18.996,4.52,0.456,55.08
BEL,5,2014,0.0,0.0,0.0,106.2
BEL,6,2014,100.033,21.96,49.016,65.08
BEL,7,2014,29.88,5.88,24.502,70.08
BEL,1,2015,2.758,1.5,0.124,97.48
BEL,2,2015,8.751,3.12,0.096,64.63
BEL,3,2015,0.0,0.0,0.0,87.12
BEL,4,2015,19.11,4.54,0.459,58.28
BEL,5,2015,0.0,0.0,0.0,108.0
BEL,6,2015,102.902,22.59,50.422,68.28
BEL,7,2015,25.726,5.06,21.095,73.28
BEL,1,2016,3.773,2.05,0.17,85.78
BEL,2,2016,10.389,3.71,0.114,60.76
BEL,3,2016,0.0,0.0,0.0,81.02
BEL,4,2016,19.224,4.57,0.461,59.94
BEL,5,2016,0.0,0.0,0.0,109.8
BEL,6,2016,105.258,23.11,51.576,69.94
BEL,7,2016,21.559,4.24,17.678,74.94
BEL,1,2017,5.162,2.81,0.232,75.48
BEL,2,2017,12.332,4.4,0.136,57.11
BEL,3,2017,0.0,0.0,0.0,75.35
BEL,4,2017,19.34,4.6,0.464,59.27
BEL,5,2017,0.0,0.0,0.0,111.6
BEL,6,2017,106.924,23.47,52.393,69.27
BEL,7,2017,17.406,3.43,14.273,74.27
BEL,1,2018,7.063,3.84,0.318,66.43
BEL,2,2018,14.639,5.22,0.161,53.68
BEL,3,2018,0.0,0.0,0.0,74.0
BEL,4,2018,19.456,4.63,0.467,56.6
BEL,5,2018,0.0,0.0,0.0,113.4
BEL,6,2018,107.666,23.64,52.756,66.6
BEL,7,2018,13.307,2.62,10.912,71.6
BEL,1,2019,9.663,5.25,0.435,58.46
BEL,2,2019,17.378,6.2,0.191,50.46
BEL,3,2019,0.0,0.0,0.0,74.0
BEL,4,2019,19.572,4.65,0.47,53.17
BEL,5,2019,0.0,0.0,0.0,115.2
BEL,6,2019,107.171,23.53,52.514,63.17
BEL,7,2019,9.319,1.83,7.642,68.17
BEL,1,2020,13.22,7.19,0.595,51.44
BEL,2,2020,20.629,7.36,0.227,47.44
BEL,3,2020,0.0,0.0,0.0,74.0
BEL,4,2020,19.69,4.68,0.473,50.6
BEL,5,2020,0.0,0.0,0.0,117.0
BEL,6,2020,105.016,23.05,51.458,60.6
BEL,7,2020,5.527,1.09,4.532,65.6
BEL,1,2021,18.087,9.83,0.814,45.27
BEL,2,2021,24.488,8.74,0.269,44.59
BEL,3,2021,0.0,0.0,0.0,74.0
BEL,4,2021,19.808,4.71,0.475,50.1
BEL,5,2021,0.0,0.0,0.0,118.8
BEL,6,2021,97.549,21.41,47.799,60.1
BEL,7,2021,5.134,1.01,4.21,65.1
BEL,1,2022,24.746,13.45,1.114,39.84
BEL,2,2022,29.07,10.37,0.32,41.91
BEL,3,2022,0.0,0.0,0.0,74.0
BEL,4,2022,19.927,4.74,0.478,51.91
BEL,5,2022,0.0,0.0,0.0,120.6
BEL,6,2022,87.698,19.25,42.972,61.91
BEL,7,2022,4.616,0.91,3.785,66.91
BEL,1,2023,33.857,18.4,1.524,36.0
BEL,2,2023,34.508,12.31,0.38,39.4
BEL,3,2023,0.0,0.0,0.0,74.0
BEL,4,2023,20.046,4.77,0.481,55.17
BEL,5,2023,0.0,0.0,0.0,122.4
BEL,6,2023,74.71,16.4,36.608,65.17
BEL,7,2023,3.932,0.77,3.224,70.17
BEL,1,2024,42.014,22.84,1.891,36.0
BEL,2,2024,40.964,14.61,0.451,37.03
BEL,3,2024,0.0,0.0,0.0,74.0
BEL,4,2024,20.167,4.8,0.484,58.35
BEL,5,2024,0.0,0.0,0.0,124.2
BEL,6,2024,61.666,13.54,30.216,68.35
BEL,7,2024,3.246,0.64,2.662,73.35
AUT,1,2005,0.12,0.07,0.005,350.0
AUT,2,2005,1.575,0.56,0.017,120.0
AUT,3,2005,0.0,0.0,0.0,180.0
AUT,4,2005,18.0,4.28,0.432,55.0
AUT,5,2005,0.0,0.0,0.0,90.0
AUT,6,2005,65.153,14.3,31.925,65.0
AUT,7,2005,65.153,12.82,53.425,70.0
AUT,1,2006,0.164,0.09,0.007,308.0
AUT,2,2006,1.87,0.67,0.021,112.8
AUT,3,2006,0.0,0.0,0.0,167.4
AUT,4,2006,18.108,4.31,0.435,58.22
AUT,5,2006,0.0,0.0,0.0,91.8
AUT,6,2006,69.302,15.21,33.958,68.22
AUT,7,2006,61.456,12.1,50.394,73.22
AUT,1,2007,0.225,0.12,0.01,271.04
AUT,2,2007,2.219,0.79,0.024,106.03
AUT,3,2007,0.0,0.0,0.0,155.68
AUT,4,2007,18.217,4.33,0.437,59.93
AUT,5,2007,0.0,0.0,0.0,93.6
AUT,6,2007,73.441,16.12,35.986,69.93
AUT,7,2007,57.704,11.36,47.317,74.93
AUT,1,2008,0.307,0.17,0.014,238.52
AUT,2,2008,2.635,0.94,0.029,99.67
AUT,3,2008,0.0,0.0,0.0,144.78
AUT,4,2008,18.326,4.36,0.44,59.32
AUT,5,2008,0.0,0.0,0.0,95.4
AUT,6,2008,77.555,17.03,38.002,69.32
AUT,7,2008,53.894,10.61,44.193,74.32
AUT,1,2009,0.42,0.23,0.019,209.89
AUT,2,2009,3.128,1.12,0.034,93.69
AUT,3,2009,0.0,0.0,0.0,134.65
AUT,4,2009,18.436,4.38,0.442,56.67
AUT,5,2009,0.0,0.0,0.0,97.2
AUT,6,2009,81.622,17.92,39.995,66.67
AUT,7,2009,50.026,9.85,41.021,71.67
AUT,1,2010,0.575,0.31,0.026,184.71
AUT,2,2010,3.713,1.32,0.041,88.07
AUT,3,2010,0.0,0.0,0.0,125.22
AUT,4,2010,18.547,4.41,0.445,53.25
AUT,5,2010,0.0,0.0,0.0,99.0
AUT,6,2010,85.618,18.8,41.953,63.25
AUT,7,2010,46.102,9.07,37.804,68.25
AUT,1,2011,0.787,0.43,0.035,162.54
AUT,2,2011,4.407,1.57,0.048,82.78
AUT,3,2011,0.0,0.0,0.0,116.46
AUT,4,2011,18.658,4.44,0.448,50.64
AUT,5,2011,0.0,0.0,0.0,100.8
AUT,6,2011,89.508,19.65,43.859,60.64
AUT,7,2011,42.121,8.29,34.539,65.64
AUT,1,2012,1.077,0.59,0.048,143.04
AUT,2,2012,5.232,1.87,0.058,77.82
AUT,3,2012,0.0,0.0,0.0,108.31
AUT,4,2012,18.77,4.46,0.45,50.09
AUT,5,2012,0.0,0.0,0.0,102.6
AUT,6,2012,93.249,20.47,45.692,60.09
AUT,7,2012,38.088,7.5,31.232,65.09
AUT,1,2013,1.473,0.8,0.066,125.87
AUT,2,2013,6.21,2.22,0.068,73.15
AUT,3,2013,0.0,0.0,0.0,100.72
AUT,4,2013,18.882,4.49,0.453,51.84
AUT,5,2013,0.0,0.0,0.0,104.4
AUT,6,2013,96.782,21.25,47.423,61.84
AUT,7,2013,34.005,6.69,27.884,66.84
AUT,1,2014,2.016,1.1,0.091,110.77
AUT,2,2014,7.372,2.63,0.081,68.76
AUT,3,2014,0.0,0.0,0.0,93.67
AUT,4,2014,18.996,4.52,0.456,55.08
AUT,5,2014,0.0,0.0,0.0,106.2
AUT,6,2014,100.033,21.96,49.016,65.08
AUT,7,2014,29.88,5.88,24.502,70.08
AUT,1,2015,2.758,1.5,0.124,97.48
AUT,2,2015,8.751,3.12,0.096,64.63
AUT,3,2015,0.0,0.0,0.0,87.12
AUT,4,2015,19.11,4.54,0.459,58.28
AUT,5,2015,0.0,0.0,0.0,108.0
AUT,6,2015,102.902,22.59,50.422,68.28
AUT,7,2015,25.726,5.06,21.095,73.28
AUT,1,2016,3.773,2.05,0.17,85.78
AUT,2,2016,10.389,3.71,0.114,60.76
AUT,3,2016,0.0,0.0,0.0,81.02
AUT,4,2016,19.224,4.57,0.461,59.94
AUT,5,2016,0.0,0.0,0.0,109.8
AUT,6,2016,105.258,23.11,51.576,69.94
AUT,7,2016,21.559,4.24,17.678,74.94
AUT,1,2017,5.162,2.81,0.232,75.48
AUT,2,2017,12.332,4.4,0.136,57.11
AUT,3,2017,0.0,0.0,0.0,75.35
AUT,4,2017,19.34,4.6,0.464,59.27
AUT,5,2017,0.0,0.0,0.0,111.6
AUT,6,2017,106.924,23.47,52.393,69.27
AUT,7,2017,17.406,3.43,14.273,74.27
AUT,1,2018,7.063,3.84,0.318,66.43
AUT,2,2018,14.639,5.22,0.161,53.68
AUT,3,2018,0.0,0.0,0.0,74.0
AUT,4,2018,19.456,4.63,0.467,56.6
AUT,5,2018,0.0,0.0,0.0,113.4
AUT,6,2018,107.666,23.64,52.756,66.6
AUT,7,2018,13.307,2.62,10.912,71.6
AUT,1,2019,9.663,5.25,0.435,58.46
AUT,2,2019,17.378,6.2,0.191,50.46
AUT,3,2019,0.0,0.0,0.0,74.0
AUT,4,2019,19.572,4.65,0.47,53.17
AUT,5,2019,0.0,0.0,0.0,115.2
AUT,6,2019,107.171,23.53,52.514,63.17
AUT,7,2019,9.319,1.83,7.642,68.17
AUT,1,2020,13.22,7.19,0.595,51.44
AUT,2,2020,20.629,7.36,0.227,47.44
AUT,3,2020,0.0,0.0,0.0,74.0
AUT,4,2020,19.69,4.68,0.473,50.6
AUT,5,2020,0.0,0.0,0.0,117.0
AUT,6,2020,105.016,23.05,51.458,60.6
AUT,7,2020,5.527,1.09,4.532,65.6
AUT,1,2021,18.087,9.83,0.814,45.27
AUT,2,2021,24.488,8.74,0.269,44.59
AUT,3,2021,0.0,0.0,0.0,74.0
AUT,4,2021,19.808,4.71,0.475,50.1
AUT,5,2021,0.0,0.0,0.0,118.8
AUT,6,2021,97.549,21.41,47.799,60.1
AUT,7,2021,5.134,1.01,4.21,65.1
AUT,1,2022,24.746,13.45,1.114,39.84
AUT,2,2022,29.07,10.37,0.32,41.91
AUT,3,2022,0.0,0.0,0.0,74.0
AUT,4,2022,19.927,4.74,0.478,51.91
AUT,5,2022,0.0,0.0,0.0,120.6
AUT,6,2022,87.698,19.25,42.972,61.91
AUT,7,2022,4.616,0.91,3.785,66.91
AUT,1,2023,33.857,18.4,1.524,36.0
AUT,2,2023,34.508,12.31,0.38,39.4
AUT,3,2023,0.0,0.0,0.0,74.0
AUT,4,2023,20.046,4.77,0.481,55.17
AUT,5,2023,0.0,0.0,0.0,122.4
AUT,6,2023,74.71,16.4,36.608,65.17
AUT,7,2023,3.932,0.77,3.224,70.17
AUT,1,2024,42.014,22.84,1.891,36.0
AUT,2,2024,40.964,14.61,0.451,37.03
AUT,3,2024,0.0,0.0,0.0,74.0
AUT,4,2024,20.167,4.8,0.484,58.35
AUT,5,2024,0.0,0.0,0.0,124.2
AUT,6,2024,61.666,13.54,30.216,68.35
AUT,7,2024,3.246,0.64,2.662,73.35
CHE,1,2005,0.12,0.07,0.005,350.0
CHE,2,2005,1.575,0.56,0.017,120.0
CHE,3,2005,0.0,0.0,0.0,180.0
CHE,4,2005,18.0,4.28,0.432,55.0
CHE,5,2005,0.0,0.0,0.0,90.0
CHE,6,2005,65.153,14.3,31.925,65.0
CHE,7,2005,65.153,12.82,53.425,70.0
CHE,1,2006,0.164,0.09,0.007,308.0
CHE,2,2006,1.87,0.67,0.021,112.8
CHE,3,2006,0.0,0.0,0.0,167.4
CHE,4,2006,18.108,4.31,0.435,58.22
CHE,5,2006,0.0,0.0,0.0,91.8
CHE,6,2006,69.302,15.21,33.958,68.22
CHE,7,2006,61.456,12.1,50.394,73.22
CHE,1,2007,0.225,0.12,0.01,271.04
CHE,2,2007,2.219,0.79,0.024,106.03
CHE,3,2007,0.0,0.0,0.0,155.68
CHE,4,2007,18.217,4.33,0.437,59.93
CHE,5,2007,0.0,0.0,0.0,93.6
CHE,6,2007,73.441,16.12,35.986,69.93
CHE,7,2007,57.704,11.36,47.317,74.93
CHE,1,2008,0.307,0.17,0.014,238.52
CHE,2,2008,2.635,0.94,0.029,99.67
CHE,3,2008,0.0,0.0,0.0,144.78
CHE,4,2008,18.326,4.36,0.44,59.32
CHE,5,2008,0.0,0.0,0.0,95.4
CHE,6,2008,77.555,17.03,38.002,69.32
CHE,7,2008,53.894,10.61,44.193,74.32
CHE,1,2009,0.42,0.23,0.019,209.89
CHE,2,2009,3.128,1.12,0.034,93.69
CHE,3,2009,0.0,0.0,0.0,134.65
CHE,4,2009,18.436,4.38,0.442,56.67
CHE,5,2009,0.0,0.0,0.0,97.2
CHE,6,2009,81.622,17.92,39.995,66.67
CHE,7,2009,50.026,9.85,41.021,71.67
CHE,1,2010,0.575,0.31,0.026,184.71
CHE,2,2010,3.713,1.32,0.041,88.07
CHE,3,2010,0.0,0.0,0.0,125.22
CHE,4,2010,18.547,4.41,0.445,53.25
CHE,5,2010,0.0,0.0,0.0,99.0
CHE,6,2010,85.618,18.8,41.953,63.25
CHE,7,2010,46.102,9.07,37.804,68.25
CHE,1,2011,0.787,0.43,0.035,162.54
CHE,2,2011,4.407,1.57,0.048,82.78
CHE,3,2011,0.0,0.0,0.0,116.46
CHE,4,2011,18.658,4.44,0.448,50.64
CHE,5,2011,0.0,0.0,0.0,100.8
CHE,6,2011,89.508,19.65,43.859,60.64
CHE,7,2011,42.121,8.29,34.539,65.64
CHE,1,2012,1.077,0.59,0.048,143.04
CHE,2,2012,5.232,1.87,0.058,77.82
CHE,3,2012,0.0,0.0,0.0,108.31
CHE,4,2012,18.77,4.46,0.45,50.09
CHE,5,2012,0.0,0.0,0.0,102.6
CHE,6,2012,93.249,20.47,45.692,60.09
CHE,7,2012,38.088,7.5,31.232,65.09
CHE,1,2013,1.473,0.8,0.066,125.87
CHE,2,2013,6.21,2.22,0.068,73.15
CHE,3,2013,0.0,0.0,0.0,100.72
CHE,4,2013,18.882,4.49,0.453,51.84
CHE,5,2013,0.0,0.0,0.0,104.4
CHE,6,2013,96.782,21.25,47.423,61.84
CHE,7,2013,34.005,6.69,27.884,66.84
CHE,1,2014,2.016,1.1,0.091,110.77
CHE,2,2014,7.372,2.63,0.081,68.76
CHE,3,2014,0.0,0.0,0.0,93.67
CHE,4,2014,18.996,4.52,0.456,55.08
CHE,5,2014,0.0,0.0,0.0,106.2
CHE,6,2014,100.033,21.96,49.016,65.08
CHE,7,2014,29.88,5.88,24.502,70.08
CHE,1,2015,2.758,1.5,0.124,97.48
CHE,2,2015,8.751,3.12,0.096,64.63
CHE,3,2015,0.0,0.0,0.0,87.12
CHE,4,2015,19.11,4.54,0.459,58.28
CHE,5,2015,0.0,0.0,0.0,108.0
CHE,6,2015,102.902,22.59,50.422,68.28
CHE,7,2015,25.726,5.06,21.095,73.28
CHE,1,2016,3.773,2.05,0.17,85.78
CHE,2,2016,10.389,3.71,0.114,60.76
CHE,3,2016,0.0,0.0,0.0,81.02
CHE,4,2016,19.224,4.57,0.461,59.94
CHE,5,2016,0.0,0.0,0.0,109.8
CHE,6,2016,105.258,23.11,51.576,69.94
CHE,7,2016,21.559,4.24,17.678,74.94
CHE,1,2017,5.162,2.81,0.232,75.48
CHE,2,2017,12.332,4.4,0.136,57.11
CHE,3,2017,0.0,0.0,0.0,75.35
CHE,4,2017,19.34,4.6,0.464,59.27
CHE,5,2017,0.0,0.0,0.0,111.6
CHE,6,2017,106.924,23.47,52.393,69.27
CHE,7,2017,17.406,3.43,14.273,74.27
CHE,1,2018,7.063,3.84,0.318,66.43
CHE,2,2018,14.639,5.22,0.161,53.68
CHE,3,2018,0.0,0.0,0.0,74.0
CHE,4,2018,19.456,4.63,0.467,56.6
CHE,5,2018,0.0,0.0,0.0,113.4
CHE,6,2018,107.666,23.64,52.756,66.6
CHE,7,2018,13.307,2.62,10.912,71.6
CHE,1,2019,9.663,5.25,0.435,58.46
CHE,2,2019,17.378,6.2,0.191,50.46
CHE,3,2019,0.0,0.0,0.0,74.0
CHE,4,2019,19.572,4.65,0.47,53.17
CHE,5,2019,0.0,0.0,0.0,115.2
CHE,6,2019,107.171,23.53,52.514,63.17
CHE,7,2019,9.319,1.83,7.642,68.17
CHE,1,2020,13.22,7.19,0.595,51.44
CHE,2,2020,20.629,7.36,0.227,47.44
CHE,3,2020,0.0,0.0,0.0,74.0
CHE,4,2020,19.69,4.68,0.473,50.6
CHE,5,2020,0.0,0.0,0.0,117.0
CHE,6,2020,105.016,23.05,51.458,60.6
CHE,7,2020,5.527,1.09,4.532,65.6
CHE,1,2021,18.087,9.83,0.814,45.27
CHE,2,2021,24.488,8.74,0.269,44.59
CHE,3,2021,0.0,0.0,0.0,74.0
CHE,4,2021,19.808,4.71,0.475,50.1
CHE,5,2021,0.0,0.0,0.0,118.8
CHE,6,2021,97.549,21.41,47.799,60.1
CHE,7,2021,5.134,1.01,4.21,65.1
CHE,1,2022,24.746,13.45,1.114,39.84
CHE,2,2022,29.07,10.37,0.32,41.91
CHE,3,2022,0.0,0.0,0.0,74.0
CHE,4,2022,19.927,4.74,0.478,51.91
CHE,5,2022,0.0,0.0,0.0,120.6
CHE,6,2022,87.698,19.25,42.972,61.91
CHE,7,2022,4.616,0.91,3.785,66.91
CHE,1,2023,33.857,18.4,1.524,36.0
CHE,2,2023,34.508,12.31,0.38,39.4
CHE,3,2023,0.0,0.0,0.0,74.0
CHE,4,2023,20.046,4.77,0.481,55.17
CHE,5,2023,0.0,0.0,0.0,122.4
CHE,6,2023,74.71,16.4,36.608,65.17
CHE,7,2023,3.932,0.77,3.224,70.17
CHE,1,2024,42.014,22.84,1.891,36.0
CHE,2,2024,40.964,14.61,0.451,37.03
CHE,3,2024,0.0,0.0,0.0,74.0
CHE,4,2024,20.167,4.8,0.484,58.35
CHE,5,2024,0.0,0.0,0.0,124.2
CHE,6,2024,61.666,13.54,30.216,68.35
CHE,7,2024,3.246,0.64,2.662,73.35
PRT,1,2005,0.12,0.07,0.005,350.0
PRT,2,2005,1.575,0.56,0.017,120.0
PRT,3,2005,0.0,0.0,0.0,180.0
PRT,4,2005,18.0,4.28,0.432,55.0
PRT,5,2005,0.0,0.0,0.0,90.0
PRT,6,2005,65.153,14.3,31.925,65.0
PRT,7,2005,65.153,12.82,53.425,70.0
PRT,1,2006,0.164,0.09,0.007,308.0
PRT,2,2006,1.87,0.67,0.021,112.8
PRT,3,2006,0.0,0.0,0.0,167.4
PRT,4,2006,18.108,4.31,0.435,58.22
PRT,5,2006,0.0,0.0,0.0,91.8
PRT,6,2006,69.302,15.21,33.958,68.22
PRT,7,2006,61.456,12.1,50.394,73.22
PRT,1,2007,0.225,0.12,0.01,271.04
PRT,2,2007,2.219,0.79,0.024,106.03
PRT,3,2007,0.0,0.0,0.0,155.68
PRT,4,2007,18.217,4.33,0.437,59.93
PRT,5,2007,0.0,0.0,0.0,93.6
PRT,6,2007,73.441,16.12,35.986,69.93
PRT,7,2007,57.704,11.36,47.317,74.93
PRT,1,2008,0.307,0.17,0.014,238.52
PRT,2,2008,2.635,0.94,0.029,99.67
PRT,3,2008,0.0,0.0,0.0,144.78
PRT,4,2008,18.326,4.36,0.44,59.32
PRT,5,2008,0.0,0.0,0.0,95.4
PRT,6,2008,77.555,17.03,38.002,69.32
PRT,7,2008,53.894,10.61,44.193,74.32
PRT,1,2009,0.42,0.23,0.019,209.89
PRT,2,2009,3.128,1.12,0.034,93.69
PRT,3,2009,0.0,0.0,0.0,134.65
PRT,4,2009,18.436,4.38,0.442,56.67
PRT,5,2009,0.0,0.0,0.0,97.2
PRT,6,2009,81.622,17.92,39.995,66.67
PRT,7,2009,50.026,9.85,41.021,71.67
PRT,1,2010,0.575,0.31,0.026,184.71
PRT,2,2010,3.713,1.32,0.041,88.07
PRT,3,2010,0.0,0.0,0.0,125.22
PRT,4,2010,18.547,4.41,0.445,53.25
PRT,5,2010,0.0,0.0,0.0,99.0
PRT,6,2010,85.618,18.8,41.953,63.25
PRT,7,2010,46.102,9.07,37.804,68.25
PRT,1,2011,0.787,0.43,0.035,162.54
PRT,2,2011,4.407,1.57,0.048,82.78
PRT,3,2011,0.0,0.0,0.0,116.46
PRT,4,2011,18.658,4.44,0.448,50.64
PRT,5,2011,0.0,0.0,0.0,100.8
PRT,6,2011,89.508,19.65,43.859,60.64
PRT,7,2011,42.121,8.29,34.539,65.64
PRT,1,2012,1.077,0.59,0.048,143.04
PRT,2,2012,5.232,1.87,0.058,77.82
PRT,3,2012,0.0,0.0,0.0,108.31
PRT,4,2012,18.77,4.46,0.45,50.09
PRT,5,2012,0.0,0.0,0.0,102.6
PRT,6,2012,93.249,20.47,45.692,60.09
PRT,7,2012,38.088,7.5,31.232,65.09
PRT,1,2013,1.473,0.8,0.066,125.87
PRT,2,2013,6.21,2.22,0.068,73.15
PRT,3,2013,0.0,0.0,0.0,100.72
PRT,4,2013,18.882,4.49,0.453,51.84
PRT,5,2013,0.0,0.0,0.0,104.4
PRT,6,2013,96.782,21.25,47.423,61.84
PRT,7,2013,34.005,6.69,27.884,66.84
PRT,1,2014,2.016,1.1,0.091,110.77
PRT,2,2014,7.372,2.63,0.081,68.76
PRT,3,2014,0.0,0.0,0.0,93.67
PRT,4,2014,18.996,4.52,0.456,55.08
PRT,5,2014,0.0,0.0,0.0,106.2
PRT,6,2014,100.033,21.96,49.016,65.08
PRT,7,2014,29.88,5.88,24.502,70.08
PRT,1,2015,2.758,1.5,0.124,97.48
PRT,2,2015,8.751,3.12,0.096,64.63
PRT,3,2015,0.0,0.0,0.0,87.12
PRT,4,2015,19.11,4.54,0.459,58.28
PRT,5,2015,0.0,0.0,0.0,108.0
PRT,6,2015,102.902,22.59,50.422,68.28
PRT,7,2015,25.726,5.06,21.095,73.28
PRT,1,2016,3.773,2.05,0.17,85.78
PRT,2,2016,10.389,3.71,0.114,60.76
PRT,3,2016,0.0,0.0,0.0,81.02
PRT,4,2016,19.224,4.57,0.461,59.94
PRT,5,2016,0.0,0.0,0.0,109.8
PRT,6,2016,105.258,23.11,51.576,69.94
PRT,7,2016,21.559,4.24,17.678,74.94
PRT,1,2017,5.162,2.81,0.232,75.48
PRT,2,2017,12.332,4.4,0.136,57.11
PRT,3,2017,0.0,0.0,0.0,75.35
PRT,4,2017,19.34,4.6,0.464,59.27
PRT,5,2017,0.0,0.0,0.0,111.6
PRT,6,2017,106.924,23.47,52.393,69.27
PRT,7,2017,17.406,3.43,14.273,74.27
PRT,1,2018,7.063,3.84,0.318,66.43
PRT,2,2018,14.639,5.22,0.161,53.68
PRT,3,2018,0.0,0.0,0.0,74.0
PRT,4,2018,19.456,4.63,0.467,56.6
PRT,5,2018,0.0,0.0,0.0,113.4
PRT,6,2018,107.666,23.64,52.756,66.6
PRT,7,2018,13.307,2.62,10.912,71.6
PRT,1,2019,9.663,5.25,0.435,58.46
PRT,2,2019,17.378,6.2,0.191,50.46
PRT,3,2019,0.0,0.0,0.0,74.0
PRT,4,2019,19.572,4.65,0.47,53.17
PRT,5,2019,0.0,0.0,0.0,115.2
PRT,6,2019,107.171,23.53,52.514,63.17
PRT,7,2019,9.319,1.83,7.642,68.17
PRT,1,2020,13.22,7.19,0.595,51.44
PRT,2,2020,20.629,7.36,0.227,47.44
PRT,3,2020,0.0,0.0,0.0,74.0
PRT,4,2020,19.69,4.68,0.473,50.6
PRT,5,2020,0.0,0.0,0.0,117.0
PRT,6,2020,105.016,23.05,51.458,60.6
PRT,7,2020,5.527,1.09,4.532,65.6
PRT,1,2021,18.087,9.83,0.814,45.27
PRT,2,2021,24.488,8.74,0.269,44.59
PRT,3,2021,0.0,0.0,0.0,74.0
PRT,4,2021,19.808,4.71,0.475,50.1
PRT,5,2021,0.0,0.0,0.0,118.8
PRT,6,2021,97.549,21.41,47.799,60.1
PRT,7,2021,5.134,1.01,4.21,65.1
PRT,1,2022,24.746,13.45,1.114,39.84
PRT,2,2022,29.07,10.37,0.32,41.91
PRT,3,2022,0.0,0.0,0.0,74.0
PRT,4,2022,19.927,4.74,0.478,51.91
PRT,5,2022,0.0,0.0,0.0,120.6
PRT,6,2022,87.698,19.25,42.972,61.91
PRT,7,2022,4.616,0.91,3.785,66.91
PRT,1,2023,33.857,18.4,1.524,36.0
PRT,2,2023,34.508,12.31,0.38,39.4
PRT,3,2023,0.0,0.0,0.0,74.0
PRT,4,2023,20.046,4.77,0.481,55.17
PRT,5,2023,0.0,0.0,0.0,122.4
PRT,6,2023,74.71,16.4,36.608,65.17
PRT,7,2023,3.932,0.77,3.224,70.17
PRT,1,2024,42.014,22.84,1.891,36.0
PRT,2,2024,40.964,14.61,0.451,37.03
PRT,3,2024,0.0,0.0,0.0,74.0
PRT,4,2024,20.167,4.8,0.484,58.35
PRT,5,2024,0.0,0.0,0.0,124.2
PRT,6,2024,61.666,13.54,30.216,68.35
PRT,7,2024,3.246,0.64,2.662,73.35
FIN,1,2005,0.12,0.07,0.005,350.0
FIN,2,2005,1.575,0.56,0.017,120.0
FIN,3,2005,0.0,0.0,0.0,180.0
FIN,4,2005,18.0,4.28,0.432,55.0
FIN,5,2005,0.0,0.0,0.0,90.0
FIN,6,2005,65.153,14.3,31.925,65.0
FIN,7,2005,65.153,12.82,53.425,70.0
FIN,1,2006,0.164,0.09,0.007,308.0
FIN,2,2006,1.87,0.67,0.021,112.8
FIN,3,2006,0.0,0.0,0.0,167.4
FIN,4,2006,18.108,4.31,0.435,58.22
FIN,5,2006,0.0,0.0,0.0,91.8
FIN,6,2006,69.302,15.21,33.958,68.22
FIN,7,2006,61.456,12.1,50.394,73.22
FIN,1,2007,0.225,0.12,0.01,271.04
FIN,2,2007,2.219,0.79,0.024,106.03
FIN,3,2007,0.0,0.0,0.0,155.68
FIN,4,2007,18.217,4.33,0.437,59.93
FIN,5,2007,0.0,0.0,0.0,93.6
FIN,6,2007,73.441,16.12,35.986,69.93
FIN,7,2007,57.704,11.36,47.317,74.93
FIN,1,2008,0.307,0.17,0.014,238.52
FIN,2,2008,2.635,0.94,0.029,99.67
FIN,3,2008,0.0,0.0,0.0,144.78
FIN,4,2008,18.326,4.36,0.44,59.32
FIN,5,2008,0.0,0.0,0.0,95.4
FIN,6,2008,77.555,17.03,38.002,69.32
FIN,7,2008,53.894,10.61,44.193,74.32
FIN,1,2009,0.42,0.23,0.019,209.89
FIN,2,2009,3.128,1.12,0.034,93.69
FIN,3,2009,0.0,0.0,0.0,134.65
FIN,4,2009,18.436,4.38,0.442,56.67
FIN,5,2009,0.0,0.0,0.0,97.2
FIN,6,2009,81.622,17.92,39.995,66.67
FIN,7,2009,50.026,9.85,41.021,71.67
FIN,1,2010,0.575,0.31,0.026,184.71
FIN,2,2010,3.713,1.32,0.041,88.07
FIN,3,2010,0.0,0.0,0.0,125.22
FIN,4,2010,18.547,4.41,0.445,53.25
FIN,5,2010,0.0,0.0,0.0,99.0
FIN,6,2010,85.618,18.8,41.953,63.25
FIN,7,2010,46.102,9.07,37.804,68.25
FIN,1,2011,0.787,0.43,0.035,162.54
FIN,2,2011,4.407,1.57,0.048,82.78
FIN,3,2011,0.0,0.0,0.0,116.46
FIN,4,2011,18.658,4.44,0.448,50.64
FIN,5,2011,0.0,0.0,0.0,100.8
FIN,6,2011,89.508,19.65,43.859,60.64
FIN,7,2011,42.121,8.29,34.539,65.64
FIN,1,2012,1.077,0.59,0.048,143.04
FIN,2,2012,5.232,1.87,0.058,77.82
FIN,3,2012,0.0,0.0,0.0,108.31
FIN,4,2012,18.77,4.46,0.45,50.09
FIN,5,2012,0.0,0.0,0.0,102.6
FIN,6,2012,93.249,20.47,45.692,60.09
FIN,7,2012,38.088,7.5,31.232,65.09
FIN,1,2013,1.473,0.8,0.066,125.87
FIN,2,2013,6.21,2.22,0.068,73.15
FIN,3,2013,0.0,0.0,0.0,100.72
FIN,4,2013,18.882,4.49,0.453,51.84
FIN,5,2013,0.0,0.0,0.0,104.4
FIN,6,2013,96.782,21.25,47.423,61.84
FIN,7,2013,34.005,6.69,27.884,66.84
FIN,1,2014,2.016,1.1,0.091,110.77
FIN,2,2014,7.372,2.63,0.081,68.76
FIN,3,2014,0.0,0.0,0.0,93.67
FIN,4,2014,18.996,4.52,0.456,55.08
FIN,5,2014,0.0,0.0,0.0,106.2
FIN,6,2014,100.033,21.96,49.016,65.08
FIN,7,2014,29.88,5.88,24.502,70.08
FIN,1,2015,2.758,1.5,0.124,97.48
FIN,2,2015,8.751,3.12,0.096,64.63
FIN,3,2015,0.0,0.0,0.0,87.12
FIN,4,2015,19.11,4.54,0.459,58.28
FIN,5,2015,0.0,0.0,0.0,108.0
FIN,6,2015,102.902,22.59,50.422,68.28
FIN,7,2015,25.726,5.06,21.095,73.28
FIN,1,2016,3.773,2.05,0.17,85.78
FIN,2,2016,10.389,3.71,0.114,60.76
FIN,3,2016,0.0,0.0,0.0,81.02
FIN,4,2016,19.224,4.57,0.461,59.94
FIN,5,2016,0.0,0.0,0.0,109.8
FIN,6,2016,105.258,23.11,51.576,69.94
FIN,7,2016,21.559,4.24,17.678,74.94
FIN,1,2017,5.162,2.81,0.232,75.48
FIN,2,2017,12.332,4.4,0.136,57.11
FIN,3,2017,0.0,0.0,0.0,75.35
FIN,4,2017,19.34,4.6,0.464,59.27
FIN,5,2017,0.0,0.0,0.0,111.6
FIN,6,2017,106.924,23.47,52.393,69.27
FIN,7,2017,17.406,3.43,14.273,74.27
FIN,1,2018,7.063,3.84,0.318,66.43
FIN,2,2018,14.639,5.22,0.161,53.68
FIN,3,2018,0.0,0.0,0.0,74.0
FIN,4,2018,19.456,4.63,0.467,56.6
FIN,5,2018,0.0,0.0,0.0,113.4
FIN,6,2018,107.666,23.64,52.756,66.6
FIN,7,2018,13.307,2.62,10.912,71.6
FIN,1,2019,9.663,5.25,0.435,58.46
FIN,2,2019,17.378,6.2,0.191,50.46
FIN,3,2019,0.0,0.0,0.0,74.0
FIN,4,2019,19.572,4.65,0.47,53.17
FIN,5,2019,0.0,0.0,0.0,115.2
FIN,6,2019,107.171,23.53,52.514,63.17
FIN,7,2019,9.319,1.83,7.642,68.17
FIN,1,2020,13.22,7.19,0.595,51.44
FIN,2,2020,20.629,7.36,0.227,47.44
FIN,3,2020,0.0,0.0,0.0,74.0
FIN,4,2020,19.69,4.68,0.473,50.6
FIN,5,2020,0.0,0.0,0.0,117.0
FIN,6,2020,105.016,23.05,51.458,60.6
FIN,7,2020,5.527,1.09,4.532,65.6
FIN,1,2021,18.087,9.83,0.814,45.27
FIN,2,2021,24.488,8.74,0.269,44.59
FIN,3,2021,0.0,0.0,0.0,74.0
FIN,4,2021,19.808,4.71,0.475,50.1
FIN,5,2021,0.0,0.0,0.0,118.8
FIN,6,2021,97.549,21.41,47.799,60.1
FIN,7,2021,5.134,1.01,4.21,65.1
FIN,1,2022,24.746,13.45,1.114,39.84
FIN,2,2022,29.07,10.37,0.32,41.91
FIN,3,2022,0.0,0.0,0.0,74.0
FIN,4,2022,19.927,4.74,0.478,51.91
FIN,5,2022,0.0,0.0,0.0,120.6
FIN,6,2022,87.698,19.25,42.972,61.91
FIN,7,2022,4.616,0.91,3.785,66.91
FIN,1,2023,33.857,18.4,1.524,36.0
FIN,2,2023,34.508,12.31,0.38,39.4
FIN,3,2023,0.0,0.0,0.0,74.0
FIN,4,2023,20.046,4.77,0.481,55.17
FIN,5,2023,0.0,0.0,0.0,122.4
FIN,6,2023,74.71,16.4,36.608,65.17
FIN,7,2023,3.932,0.77,3.224,70.17
FIN,1,2024,42.014,22.84,1.891,36.0
FIN,2,2024,40.964,14.61,0.451,37.03
FIN,3,2024,0.0,0.0,0.0,74.0
FIN,4,2024,20.167,4.8,0.484,58.35
FIN,5,2024,0.0,0.0,0.0,124.2
FIN,6,2024,61.666,13.54,30.216,68.35
FIN,7,2024,3.246,0.64,2.662,73.35
IRL,1,2005,0.12,0.07,0.005,350.0
IRL,2,2005,1.575,0.56,0.017,120.0
IRL,3,2005,0.0,0.0,0.0,180.0
IRL,4,2005,18.0,4.28,0.432,55.0
IRL,5,2005,0.0,0.0,0.0,90.0
IRL,6,2005,65.153,14.3,31.925,65.0
IRL,7,2005,65.153,12.82,53.425,70.0
IRL,1,2006,0.164,0.09,0.007,308.0
IRL,2,2006,1.87,0.67,0.021,112.8
IRL,3,2006,0.0,0.0,0.0,167.4
IRL,4,2006,18.108,4.31,0.435,58.22
IRL,5,2006,0.0,0.0,0.0,91.8
IRL,6,2006,69.302,15.21,33.958,68.22
IRL,7,2006,61.456,12.1,50.394,73.22
IRL,1,2007,0.225,0.12,0.01,271.04
IRL,2,2007,2.219,0.79,0.024,106.03
IRL,3,2007,0.0,0.0,0.0,155.68
IRL,4,2007,18.217,4.33,0.437,59.93
IRL,5,2007,0.0,0.0,0.0,93.6
IRL,6,2007,73.441,16.12,35.986,69.93
IRL,7,2007,57.704,11.36,47.317,74.93
IRL,1,2008,0.307,0.17,0.014,238.52
IRL,2,2008,2.635,0.94,0.029,99.67
IRL,3,2008,0.0,0.0,0.0,144.78
IRL,4,2008,18.326,4.36,0.44,59.32
IRL,5,2008,0.0,0.0,0.0,95.4
IRL,6,2008,77.555,17.03,38.002,69.32
IRL,7,2008,53.894,10.61,44.193,74.32
IRL,1,2009,0.42,0.23,0.019,209.89
IRL,2,2009,3.128,1.12,0.034,93.69
IRL,3,2009,0.0,0.0,0.0,134.65
IRL,4,2009,18.436,4.38,0.442,56.67
IRL,5,2009,0.0,0.0,0.0,97.2
IRL,6,2009,81.622,17.92,39.995,66.67
IRL,7,2009,50.026,9.85,41.021,71.67
IRL,1,2010,0.575,0.31,0.026,184.71
IRL,2,2010,3.713,1.32,0.041,88.07
IRL,3,2010,0.0,0.0,0.0,125.22
IRL,4,2010,18.547,4.41,0.445,53.25
IRL,5,2010,0.0,0.0,0.0,99.0
IRL,6,2010,85.618,18.8,41.953,63.25
IRL,7,2010,46.102,9.07,37.804,68.25
IRL,1,2011,0.787,0.43,0.035,162.54
IRL,2,2011,4.407,1.57,0.048,82.78
IRL,3,2011,0.0,0.0,0.0,116.46
IRL,4,2011,18.658,4.44,0.448,50.64
IRL,5,2011,0.0,0.0,0.0,100.8
IRL,6,2011,89.508,19.65,43.859,60.64
IRL,7,2011,42.121,8.29,34.539,65.64
IRL,1,2012,1.077,0.59,0.048,143.04
IRL,2,2012,5.232,1.87,0.058,77.82
IRL,3,2012,0.0,0.0,0.0,108.31
IRL,4,2012,18.77,4.46,0.45,50.09
IRL,5,2012,0.0,0.0,0.0,102.6
IRL,6,2012,93.249,20.47,45.692,60.09
IRL,7,2012,38.088,7.5,31.232,65.09
IRL,1,2013,1.473,0.8,0.066,125.87
IRL,2,2013,6.21,2.22,0.068,73.15
IRL,3,2013,0.0,0.0,0.0,100.72
IRL,4,2013,18.882,4.49,0.453,51.84
IRL,5,2013,0.0,0.0,0.0,104.4
IRL,6,2013,96.782,21.25,47.423,61.84
IRL,7,2013,34.005,6.69,27.884,66.84
IRL,1,2014,2.016,1.1,0.091,110.77
IRL,2,2014,7.372,2.63,0.081,68.76
IRL,3,2014,0.0,0.0,0.0,93.67
IRL,4,2014,18.996,4.52,0.456,55.08
IRL,5,2014,0.0,0.0,0.0,106.2
IRL,6,2014,100.033,21.96,49.016,65.08
IRL,7,2014,29.88,5.88,24.502,70.08
IRL,1,2015,2.758,1.5,0.124,97.48
IRL,2,2015,8.751,3.12,0.096,64.63
IRL,3,2015,0.0,0.0,0.0,87.12
IRL,4,2015,19.11,4.54,0.459,58.28
IRL,5,2015,0.0,0.0,0.0,108.0
IRL,6,2015,102.902,22.59,50.422,68.28
IRL,7,2015,25.726,5.06,21.095,73.28
IRL,1,2016,3.773,2.05,0.17,85.78
IRL,2,2016,10.389,3.71,0.114,60.76
IRL,3,2016,0.0,0.0,0.0,81.02
IRL,4,2016,19.224,4.57,0.461,59.94
IRL,5,2016,0.0,0.0,0.0,109.8
IRL,6,2016,105.258,23.11,51.576,69.94
IRL,7,2016,21.559,4.24,17.678,74.94
IRL,1,2017,5.162,2.81,0.232,75.48
IRL,2,2017,12.332,4.4,0.136,57.11
IRL,3,2017,0.0,0.0,0.0,75.35
IRL,4,2017,19.34,4.6,0.464,59.27
IRL,5,2017,0.0,0.0,0.0,111.6
IRL,6,2017,106.924,23.47,52.393,69.27
IRL,7,2017,17.406,3.43,14.273,74.27
IRL,1,2018,7.063,3.84,0.318,66.43
IRL,2,2018,14.639,5.22,0.161,53.68
IRL,3,2018,0.0,0.0,0.0,74.0
IRL,4,2018,19.456,4.63,0.467,56.6
IRL,5,2018,0.0,0.0,0.0,113.4
IRL,6,2018,107.666,23.64,52.756,66.6
IRL,7,2018,13.307,2.62,10.912,71.6
IRL,1,2019,9.663,5.25,0.435,58.46
IRL,2,2019,17.378,6.2,0.191,50.46
IRL,3,2019,0.0,0.0,0.0,74.0
IRL,4,2019,19.572,4.65,0.47,53.17
IRL,5,2019,0.0,0.0,0.0,115.2
IRL,6,2019,107.171,23.53,52.514,63.17
IRL,7,2019,9.319,1.83,7.642,68.17
IRL,1,2020,13.22,7.19,0.595,51.44
IRL,2,2020,20.629,7.36,0.227,47.44
IRL,3,2020,0.0,0.0,0.0,74.0
IRL,4,2020,19.69,4.68,0.473,50.6
IRL,5,2020,0.0,0.0,0.0,117.0
IRL,6,2020,105.016,23.05,51.458,60.6
IRL,7,2020,5.527,1.09,4.532,65.6
IRL,1,2021,18.087,9.83,0.814,45.27
IRL,2,2021,24.488,8.74,0.269,44.59
IRL,3,2021,0.0,0.0,0.0,74.0
IRL,4,2021,19.808,4.71,0.475,50.1
IRL,5,2021,0.0,0.0,0.0,118.8
IRL,6,2021,97.549,21.41,47.799,60.1
IRL,7,2021,5.134,1.01,4.21,65.1
IRL,1,2022,24.746,13.45,1.114,39.84
IRL,2,2022,29.07,10.37,0.32,41.91
IRL,3,2022,0.0,0.0,0.0,74.0
IRL,4,2022,19.927,4.74,0.478,51.91
IRL,5,2022,0.0,0.0,0.0,120.6
IRL,6,2022,87.698,19.25,42.972,61.91
IRL,7,2022,4.616,0.91,3.785,66.91
IRL,1,2023,33.857,18.4,1.524,36.0
IRL,2,2023,34.508,12.31,0.38,39.4
IRL,3,2023,0.0,0.0,0.0,74.0
IRL,4,2023,20.046,4.77,0.481,55.17
IRL,5,2023,0.0,0.0,0.0,122.4
IRL,6,2023,74.71,16.4,36.608,65.17
IRL,7,2023,3.932,0.77,3.224,70.17
IRL,1,2024,42.014,22.84,1.891,36.0
IRL,2,2024,40.964,14.61,0.451,37.03
IRL,3,2024,0.0,0.0,0.0,74.0
IRL,4,2024,20.167,4.8,0.484,58.35
IRL,5,2024,0.0,0.0,0.0,124.2
IRL,6,2024,61.666,13.54,30.216,68.35
IRL,7,2024,3.246,0.64,2.662,73.35
NZL,1,2005,0.12,0.07,0.005,350.0
NZL,2,2005,1.575,0.56,0.017,120.0
NZL,3,2005,0.0,0.0,0.0,180.0
NZL,4,2005,18.0,4.28,0.432,55.0
NZL,5,2005,0.0,0.0,0.0,90.0
NZL,6,2005,65.153,14.3,31.925,65.0
NZL,7,2005,65.153,12.82,53.425,70.0
NZL,1,2006,0.164,0.09,0.007,308.0
NZL,2,2006,1.87,0.67,0.021,112.8
NZL,3,2006,0.0,0.0,0.0,167.4
NZL,4,2006,18.108,4.31,0.435,58.22
NZL,5,2006,0.0,0.0,0.0,91.8
NZL,6,2006,69.302,15.21,33.958,68.22
NZL,7,2006,61.456,12.1,50.394,73.22
NZL,1,2007,0.225,0.12,0.01,271.04
NZL,2,2007,2.219,0.79,0.024,106.03
NZL,3,2007,0.0,0.0,0.0,155.68
NZL,4,2007,18.217,4.33,0.437,59.93
NZL,5,2007,0.0,0.0,0.0,93.6
NZL,6,2007,73.441,16.12,35.986,69.93
NZL,7,2007,57.704,11.36,47.317,74.93
NZL,1,2008,0.307,0.17,0.014,238.52
NZL,2,2008,2.635,0.94,0.029,99.67
NZL,3,2008,0.0,0.0,0.0,144.78
NZL,4,2008,18.326,4.36,0.44,59.32
NZL,5,2008,0.0,0.0,0.0,95.4
NZL,6,2008,77.555,17.03,38.002,69.32
NZL,7,2008,53.894,10.61,44.193,74.32
NZL,1,2009,0.42,0.23,0.019,209.89
NZL,2,2009,3.128,1.12,0.034,93.69
NZL,3,2009,0.0,0.0,0.0,134.65
NZL,4,2009,18.436,4.38,0.442,56.67
NZL,5,2009,0.0,0.0,0.0,97.2
NZL,6,2009,81.622,17.92,39.995,66.67
NZL,7,2009,50.026,9.85,41.021,71.67
NZL,1,2010,0.575,0.31,0.026,184.71
NZL,2,2010,3.713,1.32,0.041,88.07
NZL,3,2010,0.0,0.0,0.0,125.22
NZL,4,2010,18.547,4.41,0.445,53.25
NZL,5,2010,0.0,0.0,0.0,99.0
NZL,6,2010,85.618,18.8,41.953,63.25
NZL,7,2010,46.102,9.07,37.804,68.25
NZL,1,2011,0.787,0.43,0.035,162.54
NZL,2,2011,4.407,1.57,0.048,82.78
NZL,3,2011,0.0,0.0,0.0,116.46
NZL,4,2011,18.658,4.44,0.448,50.64
NZL,5,2011,0.0,0.0,0.0,100.8
NZL,6,2011,89.508,19.65,43.859,60.64
NZL,7,2011,42.121,8.29,34.539,65.64
NZL,1,2012,1.077,0.59,0.048,143.04
NZL,2,2012,5.232,1.87,0.058,77.82
NZL,3,2012,0.0,0.0,0.0,108.31
NZL,4,2012,18.77,4.46,0.45,50.09
NZL,5,2012,0.0,0.0,0.0,102.6
NZL,6,2012,93.249,20.47,45.692,60.09
NZL,7,2012,38.088,7.5,31.232,65.09
NZL,1,2013,1.473,0.8,0.066,125.87
NZL,2,2013,6.21,2.22,0.068,73.15
NZL,3,2013,0.0,0.0,0.0,100.72
NZL,4,2013,18.882,4.49,0.453,51.84
NZL,5,2013,0.0,0.0,0.0,104.4
NZL,6,2013,96.782,21.25,47.423,61.84
NZL,7,2013,34.005,6.69,27.884,66.84
NZL,1,2014,2.016,1.1,0.091,110.77
NZL,2,2014,7.372,2.63,0.081,68.76
NZL,3,2014,0.0,0.0,0.0,93.67
NZL,4,2014,18.996,4.52,0.456,55.08
NZL,5,2014,0.0,0.0,0.0,106.2
NZL,6,2014,100.033,21.96,49.016,65.08
NZL,7,2014,29.88,5.88,24.502,70.08
NZL,1,2015,2.758,1.5,0.124,97.48
NZL,2,2015,8.751,3.12,0.096,64.63
NZL,3,2015,0.0,0.0,0.0,87.12
NZL,4,2015,19.11,4.54,0.459,58.28
NZL,5,2015,0.0,0.0,0.0,108.0
NZL,6,2015,102.902,22.59,50.422,68.28
NZL,7,2015,25.726,5.06,21.095,73.28
NZL,1,2016,3.773,2.05,0.17,85.78
NZL,2,2016,10.389,3.71,0.114,60.76
NZL,3,2016,0.0,0.0,0.0,81.02
NZL,4,2016,19.224,4.57,0.461,59.94
NZL,5,2016,0.0,0.0,0.0,109.8
NZL,6,2016,105.258,23.11,51.576,69.94
NZL,7,2016,21.559,4.24,17.678,74.94
NZL,1,2017,5.162,2.81,0.232,75.48
NZL,2,2017,12.332,4.4,0.136,57.11
NZL,3,2017,0.0,0.0,0.0,75.35
NZL,4,2017,19.34,4.6,0.464,59.27
NZL,5,2017,0.0,0.0,0.0,111.6
NZL,6,2017,106.924,23.47,52.393,69.27
NZL,7,2017,17.406,3.43,14.273,74.27
NZL,1,2018,7.063,3.84,0.318,66.43
NZL,2,2018,14.639,5.22,0.161,53.68
NZL,3,2018,0.0,0.0,0.0,74.0
NZL,4,2018,19.456,4.63,0.467,56.6
NZL,5,2018,0.0,0.0,0.0,113.4
NZL,6,2018,107.666,23.64,52.756,66.6
NZL,7,2018,13.307,2.62,10.912,71.6
NZL,1,2019,9.663,5.25,0.435,58.46
NZL,2,2019,17.378,6.2,0.191,50.46
NZL,3,2019,0.0,0.0,0.0,74.0
NZL,4,2019,19.572,4.65,0.47,53.17
NZL,5,2019,0.0,0.0,0.0,115.2
NZL,6,2019,107.171,23.53,52.514,63.17
NZL,7,2019,9.319,1.83,7.642,68.17
NZL,1,2020,13.22,7.19,0.595,51.44
NZL,2,2020,20.629,7.36,0.227,47.44
NZL,3,2020,0.0,0.0,0.0,74.0
NZL,4,2020,19.69,4.68,0.473,50.6
NZL,5,2020,0.0,0.0,0.0,117.0
NZL,6,2020,105.016,23.05,51.458,60.6
NZL,7,2020,5.527,1.09,4.532,65.6
NZL,1,2021,18.087,9.83,0.814,45.27
NZL,2,2021,24.488,8.74,0.269,44.59
NZL,3,2021,0.0,0.0,0.0,74.0
NZL,4,2021,19.808,4.71,0.475,50.1
NZL,5,2021,0.0,0.0,0.0,118.8
NZL,6,2021,97.549,21.41,47.799,60.1
NZL,7,2021,5.134,1.01,4.21,65.1
NZL,1,2022,24.746,13.45,1.114,39.84
NZL,2,2022,29.07,10.37,0.32,41.91
NZL,3,2022,0.0,0.0,0.0,74.0
NZL,4,2022,19.927,4.74,0.478,51.91
NZL,5,2022,0.0,0.0,0.0,120.6
NZL,6,2022,87.698,19.25,42.972,61.91
NZL,7,2022,4.616,0.91,3.785,66.91
NZL,1,2023,33.857,18.4,1.524,36.0
NZL,2,2023,34.508,12.31,0.38,39.4
NZL,3,2023,0.0,0.0,0.0,74.0
NZL,4,2023,20.046,4.77,0.481,55.17
NZL,5,2023,0.0,0.0,0.0,122.4
NZL,6,2023,74.71,16.4,36.608,65.17
NZL,7,2023,3.932,0.77,3.224,70.17
NZL,1,2024,42.014,22.84,1.891,36.0
NZL,2,2024,40.964,14.61,0.451,37.03
NZL,3,2024,0.0,0.0,0.0,74.0
NZL,4,2024,20.167,4.8,0.484,58.35
NZL,5,2024,0.0,0.0,0.0,124.2
NZL,6,2024,61.666,13.54,30.216,68.35
NZL,7,2024,3.246,0.64,2.662,73.35
SGP,1,2005,0.12,0.07,0.005,350.0
SGP,2,2005,1.575,0.56,0.017,120.0
SGP,3,2005,0.0,0.0,0.0,180.0
SGP,4,2005,18.0,4.28,0.432,55.0
SGP,5,2005,0.0,0.0,0.0,90.0
SGP,6,2005,65.153,14.3,31.925,65.0
SGP,7,2005,65.153,12.82,53.425,70.0
SGP,1,2006,0.164,0.09,0.007,308.0
SGP,2,2006,1.87,0.67,0.021,112.8
SGP,3,2006,0.0,0.0,0.0,167.4
SGP,4,2006,18.108,4.31,0.435,58.22
SGP,5,2006,0.0,0.0,0.0,91.8
SGP,6,2006,69.302,15.21,33.958,68.22
SGP,7,2006,61.456,12.1,50.394,73.22
SGP,1,2007,0.225,0.12,0.01,271.04
SGP,2,2007,2.219,0.79,0.024,106.03
SGP,3,2007,0.0,0.0,0.0,155.68
SGP,4,2007,18.217,4.33,0.437,59.93
SGP,5,2007,0.0,0.0,0.0,93.6
SGP,6,2007,73.441,16.12,35.986,69.93
SGP,7,2007,57.704,11.36,47.317,74.93
SGP,1,2008,0.307,0.17,0.014,238.52
SGP,2,2008,2.635,0.94,0.029,99.67
SGP,3,2008,0.0,0.0,0.0,144.78
SGP,4,2008,18.326,4.36,0.44,59.32
SGP,5,2008,0.0,0.0,0.0,95.4
SGP,6,2008,77.555,17.03,38.002,69.32
SGP,7,2008,53.894,10.61,44.193,74.32
SGP,1,2009,0.42,0.23,0.019,209.89
SGP,2,2009,3.128,1.12,0.034,93.69
SGP,3,2009,0.0,0.0,0.0,134.65
SGP,4,2009,18.436,4.38,0.442,56.67
SGP,5,2009,0.0,0.0,0.0,97.2
SGP,6,2009,81.622,17.92,39.995,66.67
SGP,7,2009,50.026,9.85,41.021,71.67
SGP,1,2010,0.575,0.31,0.026,184.71
SGP,2,2010,3.713,1.32,0.041,88.07
SGP,3,2010,0.0,0.0,0.0,125.22
SGP,4,2010,18.547,4.41,0.445,53.25
SGP,5,2010,0.0,0.0,0.0,99.0
SGP,6,2010,85.618,18.8,41.953,63.25
SGP,7,2010,46.102,9.07,37.804,68.25
SGP,1,2011,0.787,0.43,0.035,162.54
SGP,2,2011,4.407,1.57,0.048,82.78
SGP,3,2011,0.0,0.0,0.0,116.46
SGP,4,2011,18.658,4.44,0.448,50.64
SGP,5,2011,0.0,0.0,0.0,100.8
SGP,6,2011,89.508,19.65,43.859,60.64
SGP,7,2011,42.121,8.29,34.539,65.64
SGP,1,2012,1.077,0.59,0.048,143.04
SGP,2,2012,5.232,1.87,0.058,77.82
SGP,3,2012,0.0,0.0,0.0,108.31
SGP,4,2012,18.77,4.46,0.45,50.09
SGP,5,2012,0.0,0.0,0.0,102.6
SGP,6,2012,93.249,20.47,45.692,60.09
SGP,7,2012,38.088,7.5,31.232,65.09
SGP,1,2013,1.473,0.8,0.066,125.87
SGP,2,2013,6.21,2.22,0.068,73.15
SGP,3,2013,0.0,0.0,0.0,100.72
SGP,4,2013,18.882,4.49,0.453,51.84
SGP,5,2013,0.0,0.0,0.0,104.4
SGP,6,2013,96.782,21.25,47.423,61.84
SGP,7,2013,34.005,6.69,27.884,66.84
SGP,1,2014,2.016,1.1,0.091,110.77
SGP,2,2014,7.372,2.63,0.081,68.76
SGP,3,2014,0.0,0.0,0.0,93.67
SGP,4,2014,18.996,4.52,0.456,55.08
SGP,5,2014,0.0,0.0,0.0,106.2
SGP,6,2014,100.033,21.96,49.016,65.08
SGP,7,2014,29.88,5.88,24.502,70.08
SGP,1,2015,2.758,1.5,0.124,97.48
SGP,2,2015,8.751,3.12,0.096,64.63
SGP,3,2015,0.0,0.0,0.0,87.12
SGP,4,2015,19.11,4.54,0.459,58.28
SGP,5,2015,0.0,0.0,0.0,108.0
SGP,6,2015,102.902,22.59,50.422,68.28
SGP,7,2015,25.726,5.06,21.095,73.28
SGP,1,2016,3.773,2.05,0.17,85.78
SGP,2,2016,10.389,3.71,0.114,60.76
SGP,3,2016,0.0,0.0,0.0,81.02
SGP,4,2016,19.224,4.57,0.461,59.94
SGP,5,2016,0.0,0.0,0.0,109.8
SGP,6,2016,105.258,23.11,51.576,69.94
SGP,7,2016,21.559,4.24,17.678,74.94
SGP,1,2017,5.162,2.81,0.232,75.48
SGP,2,2017,12.332,4.4,0.136,57.11
SGP,3,2017,0.0,0.0,0.0,75.35
SGP,4,2017,19.34,4.6,0.464,59.27
SGP,5,2017,0.0,0.0,0.0,111.6
SGP,6,2017,106.924,23.47,52.393,69.27
SGP,7,2017,17.406,3.43,14.273,74.27
SGP,1,2018,7.063,3.84,0.318,66.43
SGP,2,2018,14.639,5.22,0.161,53.68
SGP,3,2018,0.0,0.0,0.0,74.0
SGP,4,2018,19.456,4.63,0.467,56.6
SGP,5,2018,0.0,0.0,0.0,113.4
SGP,6,2018,107.666,23.64,52.756,66.6
SGP,7,2018,13.307,2.62,10.912,71.6
SGP,1,2019,9.663,5.25,0.435,58.46
SGP,2,2019,17.378,6.2,0.191,50.46
SGP,3,2019,0.0,0.0,0.0,74.0
SGP,4,2019,19.572,4.65,0.47,53.17
SGP,5,2019,0.0,0.0,0.0,115.2
SGP,6,2019,107.171,23.53,52.514,63.17
SGP,7,2019,9.319,1.83,7.642,68.17
SGP,1,2020,13.22,7.19,0.595,51.44
SGP,2,2020,20.629,7.36,0.227,47.44
SGP,3,2020,0.0,0.0,0.0,74.0
SGP,4,2020,19.69,4.68,0.473,50.6
SGP,5,2020,0.0,0.0,0.0,117.0
SGP,6,2020,105.016,23.05,51.458,60.6
SGP,7,2020,5.527,1.09,4.532,65.6
SGP,1,2021,18.087,9.83,0.814,45.27
SGP,2,2021,24.488,8.74,0.269,44.59
SGP,3,2021,0.0,0.0,0.0,74.0
SGP,4,2021,19.808,4.71,0.475,50.1
SGP,5,2021,0.0,0.0,0.0,118.8
SGP,6,2021,97.549,21.41,47.799,60.1
SGP,7,2021,5.134,1.01,4.21,65.1
SGP,1,2022,24.746,13.45,1.114,39.84
SGP,2,2022,29.07,10.37,0.32,41.91
SGP,3,2022,0.0,0.0,0.0,74.0
SGP,4,2022,19.927,4.74,0.478,51.91
SGP,5,2022,0.0,0.0,0.0,120.6
SGP,6,2022,87.698,19.25,42.972,61.91
SGP,7,2022,4.616,0.91,3.785,66.91
SGP,1,2023,33.857,18.4,1.524,36.0
SGP,2,2023,34.508,12.31,0.38,39.4
SGP,3,2023,0.0,0.0,0.0,74.0
SGP,4,2023,20.046,4.77,0.481,55.17
SGP,5,2023,0.0,0.0,0.0,122.4
SGP,6,2023,74.71,16.4,36.608,65.17
SGP,7,2023,3.932,0.77,3.224,70.17
SGP,1,2024,42.014,22.84,1.891,36.0
SGP,2,2024,40.964,14.61,0.451,37.03
SGP,3,2024,0.0,0.0,0.0,74.0
SGP,4,2024,20.167,4.8,0.484,58.35
SGP,5,2024,0.0,0.0,0.0,124.2
SGP,6,2024,61.666,13.54,30.216,68.35
SGP,7,2024,3.246,0.64,2.662,73.35
